Rk,Player,HR,Season,Age,Team,Lg,G,PA,AB,R,H,1B,2B,3B,HR,RBI,SB,CS,BB,SO,BA,OBP,SLG,OPS,OPS+,TB,GIDP,HBP,SH,SF,IBB,Pos,Player-additional
,,,,,,,,,,,,,,,,,,,,,,,,,,,,,,,,,-9999
1,Matt Olson,54,2023,29,ATL,NL,162,720,608,127,172,88,27,3,54,139,1,0,104,167,.283,.389,.604,.993,162,367,13,4,0,4,8,*3,olsonma02
2,Kyle Schwarber,47,2023,30,PHI,NL,160,720,585,108,115,48,19,1,47,104,0,2,126,215,.197,.343,.474,.817,122,277,4,6,0,3,5,7D,schwaky01
3,Pete Alonso,46,2023,28,NYM,NL,154,658,568,92,123,54,21,2,46,118,4,1,65,151,.217,.318,.504,.821,122,286,17,21,0,4,6,*3/D,alonspe01
4,Shohei Ohtani,44,2023,28,LAA,AL,135,599,497,102,151,73,26,8,44,95,20,6,91,143,.304,.412,.654,1.066,184,325,9,3,0,3,21,*D1,ohtansh01
5,Ronald Acuña Jr.,41,2023,25,ATL,NL,159,735,643,149,217,137,35,4,41,106,73,14,80,84,.337,.416,.596,1.012,168,383,15,9,0,3,3,*9/D,acunaro01
6,Marcell Ozuna,40,2023,32,ATL,NL,144,592,530,84,145,75,29,1,40,100,0,0,57,134,.274,.346,.558,.905,138,296,9,3,0,2,1,*D/7H,ozunama01
7,Mookie Betts,39,2023,30,LAD,NL,152,693,584,126,179,99,40,1,39,107,14,3,96,107,.307,.408,.579,.987,163,338,5,8,0,5,3,946/H,bettsmo01
8,Adolis García,39,2023,30,TEX,AL,148,632,555,108,136,68,29,0,39,107,9,1,65,175,.245,.328,.508,.836,123,282,12,6,0,6,0,*9/8DH,garciad02
9,Luis Robert Jr.,38,2023,25,CHW,AL,145,595,546,90,144,69,36,1,38,80,20,4,30,172,.264,.315,.542,.857,128,296,10,12,0,2,5,*8/H,roberlu01
10,Aaron Judge,37,2023,31,NYY,AL,106,458,367,79,98,45,16,0,37,75,3,1,88,130,.267,.406,.613,1.019,175,225,5,0,0,3,9,9D8/H,judgeaa01
11,Austin Riley,37,2023,26,ATL,NL,159,715,636,117,179,107,32,3,37,97,3,1,59,172,.281,.345,.516,.861,128,328,18,9,0,11,4,*5,rileyau01
12,Max Muncy,36,2023,32,LAD,NL,135,579,482,95,102,48,17,1,36,105,1,2,85,153,.212,.333,.475,.808,115,229,8,6,0,6,4,*5D/H,muncyma01
13,Jorge Soler,36,2023,31,MIA,NL,137,580,504,77,126,66,24,0,36,75,1,0,66,141,.250,.341,.512,.853,128,258,20,6,0,4,4,D9/H,solerjo01
14,Juan Soto,35,2023,24,SDP,NL,162,708,568,97,156,88,32,1,35,109,12,5,132,129,.275,.410,.519,.930,158,295,18,2,1,5,11,*7/DH,sotoju01
15,Jake Burger,34,2023,27,CHWMIA,ALNL,141,540,492,71,123,60,28,1,34,80,1,1,32,149,.250,.309,.518,.828,120,255,4,12,0,4,0,5D/H34,burgeja01
16,Ozzie Albies,33,2023,26,ATL,NL,148,660,596,96,167,99,30,5,33,109,13,1,46,107,.280,.336,.513,.849,124,306,9,8,0,8,2,*4,albieoz01
17,Rafael Devers,33,2023,26,BOS,AL,153,656,580,90,157,90,34,0,33,100,5,1,62,126,.271,.351,.500,.851,126,290,15,11,0,3,10,*5/DH6,deverra01
18,J.D. Martinez,33,2023,35,LAD,NL,113,479,432,61,117,55,27,2,33,103,1,0,34,149,.271,.321,.572,.893,134,247,11,2,0,9,1,*D/7H,martijd02
19,Corey Seager,33,2023,29,TEX,AL,119,536,477,88,156,81,42,0,33,96,2,1,49,88,.327,.390,.623,1.013,170,297,9,4,0,6,9,*6/D,seageco01
20,Christian Walker,33,2023,32,ARI,NL,157,661,582,86,150,79,36,2,33,103,11,0,62,127,.258,.333,.497,.830,123,289,13,8,0,8,3,*3/DH,walkech02
21,Julio Rodríguez,32,2023,22,SEA,AL,155,714,654,102,180,109,37,2,32,103,37,10,47,175,.275,.333,.485,.818,128,317,14,11,0,2,6,*8/D,rodriju01
22,Yordan Álvarez,31,2023,26,HOU,AL,114,496,410,77,120,64,24,1,31,97,0,0,69,92,.293,.407,.583,.990,170,239,7,13,0,4,5,D7/H,alvaryo01
23,Francisco Lindor,31,2023,29,NYM,NL,160,687,602,108,153,87,33,2,31,98,31,4,66,137,.254,.336,.470,.806,120,283,8,12,0,7,1,*6/DH,lindofr01
24,Isaac Paredes,31,2023,24,TBR,AL,143,571,492,71,123,68,24,0,31,98,1,0,58,104,.250,.352,.488,.840,131,240,11,20,0,1,0,*534/HD6,paredis01
25,Spencer Torkelson,31,2023,23,DET,AL,159,684,606,88,141,75,34,1,31,94,3,0,67,171,.233,.313,.446,.758,105,270,15,6,0,5,1,*3/D,torkesp01
26,Manny Machado,30,2023,30,SDP,NL,138,601,543,75,140,89,21,0,30,91,3,2,50,109,.258,.319,.462,.782,115,251,20,2,0,6,1,5D,machama01
27,Cal Raleigh,30,2023,26,SEA,AL,145,569,513,78,119,65,23,1,30,75,0,0,54,158,.232,.306,.456,.762,112,234,6,1,0,1,1,*2HD,raleica01
28,Brent Rooker,30,2023,28,OAK,AL,137,526,463,61,114,63,20,1,30,69,4,0,49,172,.246,.329,.488,.817,130,226,11,10,0,4,1,D97H,rookebr01
29,Bobby Witt Jr.,30,2023,23,KCR,AL,158,694,641,97,177,108,28,11,30,96,49,15,40,121,.276,.319,.495,.813,120,317,11,4,1,8,1,*6D/H,wittbo02
30,Nick Castellanos,29,2023,31,PHI,NL,157,671,626,79,170,102,37,2,29,106,11,2,36,185,.272,.311,.476,.788,112,298,17,3,0,6,0,*9/DH,casteni01
31,Freddie Freeman,29,2023,33,LAD,NL,161,730,637,131,211,121,59,2,29,102,23,1,72,121,.331,.410,.567,.976,161,361,14,16,0,5,12,*3,freemfr01
32,Marcus Semien,29,2023,32,TEX,AL,162,753,670,122,185,112,40,4,29,100,14,3,72,110,.276,.348,.478,.826,122,320,5,5,0,5,1,*4,semiema01
33,Kyle Tucker,29,2023,26,HOU,AL,157,674,574,97,163,92,37,5,29,112,30,5,80,92,.284,.369,.517,.886,142,297,11,3,0,10,9,*9/DH,tuckeky01
34,Gunnar Henderson,28,2023,22,BAL,AL,150,622,560,100,143,77,29,9,28,82,10,3,56,159,.255,.325,.489,.814,125,274,10,3,0,3,1,56D/H,hendegu01
35,Anthony Santander,28,2023,28,BAL,AL,153,656,591,81,152,82,41,1,28,95,5,1,55,152,.257,.325,.472,.797,121,279,11,6,0,4,1,9D3/H7,santaan02
36,Lane Thomas,28,2023,27,WSN,NL,156,682,628,101,168,101,36,3,28,86,20,5,36,176,.268,.315,.468,.783,114,294,5,11,0,7,0,*98/H1D,thomala02
37,Nolan Gorman,27,2023,23,STL,NL,119,464,406,59,96,52,17,0,27,76,7,2,53,148,.236,.328,.478,.805,117,194,5,3,0,2,1,4D5H,gormano01
38,Nolan Arenado,26,2023,32,STL,NL,144,612,560,71,149,95,26,2,26,93,3,3,41,101,.266,.315,.459,.774,109,257,21,3,0,8,5,*5D/H,arenano01
39,Cody Bellinger,26,2023,27,CHC,NL,130,556,499,95,153,97,29,1,26,97,20,6,40,87,.307,.356,.525,.881,133,262,7,5,0,12,3,83/DH,bellico01
40,Brandon Drury,26,2023,30,LAA,AL,125,523,485,61,127,68,30,3,26,83,0,2,25,136,.262,.306,.497,.803,114,241,14,8,0,5,0,43/DH,drurybr01
41,Vladimir Guerrero Jr.,26,2023,24,TOR,AL,156,682,602,78,159,103,30,0,26,94,5,3,67,100,.264,.345,.444,.788,117,267,23,9,0,4,5,*3D/H,guerrvl02
42,Teoscar Hernández,26,2023,30,SEA,AL,160,678,625,70,161,104,29,2,26,93,7,2,38,211,.258,.305,.435,.741,106,272,6,8,0,7,2,*9D/H,hernate01
43,Christopher Morel,26,2023,24,CHC,NL,107,429,388,62,96,50,17,3,26,70,6,2,36,133,.247,.313,.508,.821,116,197,7,2,1,2,0,D48/795H6,morelch01
44,Jack Suwinski,26,2023,24,PIT,NL,144,534,447,63,100,51,21,2,26,74,13,2,75,172,.224,.339,.454,.793,115,203,2,6,0,6,2,*897H/D,suwinja01
45,Trea Turner,26,2023,30,PHI,NL,155,691,639,102,170,104,35,5,26,76,30,0,45,150,.266,.320,.459,.778,111,293,12,6,0,1,2,*6/D,turnetr01
46,Francisco Álvarez,25,2023,21,NYM,NL,123,423,382,51,80,43,12,0,25,63,2,0,34,110,.209,.284,.437,.721,95,167,14,6,0,1,0,2H/D,alvarfr01
47,Alex Bregman,25,2023,29,HOU,AL,161,724,622,103,163,106,28,4,25,98,3,1,92,87,.262,.363,.441,.804,122,274,22,8,0,2,1,*5/D,bregmal01
48,Corbin Carroll,25,2023,22,ARI,NL,155,645,565,116,161,96,30,10,25,76,54,5,57,125,.285,.362,.506,.868,134,286,7,13,6,4,1,*798/HD,carroco02
49,Paul Goldschmidt,25,2023,35,STL,NL,154,687,593,89,159,103,31,0,25,80,11,2,87,161,.268,.363,.447,.810,120,265,12,3,0,3,6,*3D,goldspa01
50,Ketel Marte,25,2023,29,ARI,NL,150,650,569,94,157,97,26,9,25,82,8,2,71,109,.276,.358,.485,.844,128,276,16,5,0,5,2,*4/DH86,marteke01
51,José Siri,25,2023,27,TBR,AL,101,364,338,58,75,35,13,2,25,56,12,3,20,130,.222,.267,.494,.761,106,167,5,2,1,3,0,8/HD,sirijo01
52,Fernando Tatis Jr.,25,2023,24,SDP,NL,141,635,575,91,148,89,33,1,25,78,29,4,53,141,.257,.322,.449,.770,113,258,17,3,1,3,0,*9/8D4H,tatisfe02
53,Gleyber Torres,25,2023,26,NYY,AL,158,672,596,90,163,108,28,2,25,68,13,6,67,98,.273,.347,.453,.800,118,270,19,3,0,6,0,*4D/H,torregl01
54,Willy Adames,24,2023,27,MIL,NL,149,638,553,73,120,65,29,2,24,80,5,3,71,165,.217,.310,.407,.717,95,225,12,6,0,6,1,*6/D,adamewi01
55,Triston Casas,24,2023,23,BOS,AL,132,502,429,66,113,66,21,2,24,65,0,0,70,126,.263,.367,.490,.856,129,210,7,1,0,2,2,*3H/D,casastr01
56,Lourdes Gurriel Jr.,24,2023,29,ARI,NL,145,592,551,65,144,83,35,2,24,82,5,0,33,103,.261,.309,.463,.772,108,255,20,6,0,2,1,7D/H3,gurrilo01
57,Max Kepler,24,2023,30,MIN,AL,130,491,438,72,114,66,22,2,24,66,1,1,45,106,.260,.332,.484,.816,121,212,9,4,0,4,0,*9H/D,keplema01
58,Brandon Nimmo,24,2023,30,NYM,NL,152,682,592,89,162,102,30,6,24,68,3,3,74,146,.274,.363,.466,.829,127,276,6,11,1,4,0,*87/DH,nimmobr01
59,José Ramírez,24,2023,30,CLE,AL,156,691,611,87,172,107,36,5,24,80,28,6,73,73,.282,.356,.475,.831,131,290,8,1,0,6,22,*5D,ramirjo01
60,Bryan Reynolds,24,2023,28,PIT,NL,145,640,574,85,151,91,31,5,24,84,12,1,53,138,.263,.330,.460,.790,113,264,13,7,0,6,2,*7D8/H,reynobr01
61,Giancarlo Stanton,24,2023,33,NYY,AL,101,415,371,43,71,34,13,0,24,60,0,0,41,124,.191,.275,.420,.695,87,156,11,2,0,1,3,D9/H7,stantmi03
62,Randy Arozarena,23,2023,28,TBR,AL,151,654,551,95,140,95,19,3,23,83,22,10,80,156,.254,.364,.425,.789,120,234,10,18,0,5,1,*7D/H,arozara01
63,Yainer Diaz,23,2023,24,HOU,AL,104,377,355,51,100,55,22,0,23,60,0,0,11,74,.282,.308,.538,.846,128,191,12,5,0,6,0,2DH/3,diazya02
64,Wilmer Flores,23,2023,31,SFG,NL,126,454,405,51,115,70,22,0,23,60,0,0,41,63,.284,.355,.509,.863,136,206,13,5,0,3,1,3DH5/4,florewi01
65,Josh Jung,23,2023,25,TEX,AL,122,515,478,75,127,78,25,1,23,70,1,3,30,151,.266,.315,.467,.781,109,223,7,5,0,2,0,*5/H,jungjo01
66,Ryan McMahon,23,2023,28,COL,NL,152,627,555,80,133,76,31,3,23,70,5,5,68,198,.240,.322,.431,.753,93,239,19,1,0,3,2,*54/HD,mcmahry01
67,James Outman,23,2023,26,LAD,NL,151,567,483,86,120,78,16,3,23,70,16,3,68,181,.248,.353,.437,.790,112,211,4,12,0,4,1,*87/H9D,outmaja01
68,Salvador Pérez,23,2023,33,KCR,AL,140,580,538,59,137,93,21,0,23,80,0,0,19,135,.255,.292,.422,.714,94,227,11,13,0,8,6,2D3,perezsa02
69,Carlos Santana,23,2023,37,MILPIT,NL,146,619,550,78,132,75,33,1,23,86,6,0,65,104,.240,.318,.429,.747,103,236,11,0,0,4,0,*3D/H,santaca01
70,Spencer Steer,23,2023,25,CIN,NL,156,665,582,74,158,95,37,3,23,86,15,3,68,139,.271,.356,.464,.820,119,270,9,11,0,4,0,3574/D9H,steersp01
71,Justin Turner,23,2023,38,BOS,AL,146,626,558,86,154,100,31,0,23,96,4,1,51,110,.276,.345,.455,.800,114,254,10,11,0,6,0,D34/5H,turneju01
72,Patrick Wisdom,23,2023,31,CHC,NL,97,302,268,43,55,23,8,1,23,46,4,2,30,111,.205,.289,.500,.789,107,134,4,2,1,1,0,5H3D/794,wisdopa01
73,Josh Bell,22,2023,30,CLEMIA,ALNL,150,617,547,52,135,85,28,0,22,74,0,1,63,134,.247,.325,.419,.744,104,229,13,2,0,3,2,D3/H,belljo02
74,Jeimer Candelario,22,2023,29,CHCWSN,NL,140,576,505,77,127,63,39,3,22,70,8,1,53,127,.251,.336,.471,.807,119,238,11,13,0,4,1,*53/DH,candeje01
75,Yandy Díaz,22,2023,31,TBR,AL,137,600,525,95,173,116,35,0,22,78,0,1,65,94,.330,.410,.522,.932,158,274,16,8,0,2,0,*3D/5H,diazya01
76,Shea Langeliers,22,2023,25,OAK,AL,135,490,448,52,92,47,19,4,22,63,3,2,34,143,.205,.268,.413,.681,92,185,10,5,1,2,2,*2/DH,langesh01
77,Chas McCormick,22,2023,28,HOU,AL,115,457,403,59,110,69,17,2,22,70,19,6,40,117,.273,.353,.489,.842,130,197,3,11,1,2,0,*789/DH,mccorch01
78,Eugenio Suárez,22,2023,31,SEA,AL,162,694,598,68,139,88,29,0,22,96,2,1,70,214,.232,.323,.391,.714,101,234,10,15,0,11,0,*5/D,suareeu01
79,Dansby Swanson,22,2023,29,CHC,NL,147,638,565,81,138,88,25,3,22,80,9,1,66,154,.244,.328,.416,.744,99,235,9,5,0,2,0,*6,swansda01
80,Adam Duvall,21,2023,34,BOS,AL,92,353,320,45,79,32,24,2,21,58,4,0,22,110,.247,.303,.531,.834,119,170,0,6,0,5,1,89/H7D,duvalad01
81,Joey Gallo,21,2023,29,MIN,AL,111,332,282,39,50,19,9,1,21,40,1,1,48,142,.177,.301,.440,.741,101,124,3,2,0,0,1,37H89/D,gallojo01
82,Ian Happ,21,2023,28,CHC,NL,158,691,580,86,144,84,35,4,21,84,14,3,99,153,.248,.360,.431,.791,112,250,12,6,0,6,2,*7/DH,happia01
83,Bryce Harper,21,2023,30,PHI,NL,126,546,457,84,134,83,29,1,21,72,11,3,80,119,.293,.401,.499,.900,146,228,10,5,0,4,8,D3/H,harpebr03
84,Brandon Lowe,21,2023,28,TBR,AL,109,436,377,58,87,50,15,1,21,68,7,0,50,119,.231,.328,.443,.771,113,167,8,6,0,3,0,4/HD,lowebr01
85,Sean Murphy,21,2023,28,ATL,NL,108,438,370,65,93,51,21,0,21,68,0,0,49,98,.251,.365,.478,.844,125,177,18,18,0,1,0,2/DH,murphse01
86,Jake Rogers,21,2023,28,DET,AL,107,365,331,47,73,41,11,0,21,49,1,1,28,118,.221,.286,.444,.730,96,147,6,3,1,2,0,2/HD7,rogerja03
87,Eddie Rosario,21,2023,31,ATL,NL,142,516,478,64,122,74,24,3,21,74,3,4,34,122,.255,.305,.450,.755,100,215,13,1,1,2,1,*7DH,rosared01
88,George Springer,21,2023,33,TOR,AL,154,683,613,87,158,111,25,1,21,72,20,5,60,125,.258,.327,.405,.732,102,248,20,5,0,3,1,*9D/H8,springe01
89,Michael A. Taylor,21,2023,32,MIN,AL,129,388,355,48,78,42,14,1,21,51,13,1,26,130,.220,.278,.442,.720,94,157,7,3,3,1,0,*8H/D,taylomi02
90,Andrew Vaughn,21,2023,25,CHW,AL,152,615,566,67,146,93,30,2,21,80,0,0,36,129,.258,.314,.429,.743,101,243,15,11,0,2,0,*3/DH,vaughan01
91,Anthony Volpe,21,2023,22,NYY,AL,159,601,541,62,113,65,23,4,21,60,24,5,52,167,.209,.283,.383,.666,81,207,10,5,1,2,0,*6/H,volpean01
92,Bo Bichette,20,2023,25,TOR,AL,135,601,571,69,175,122,30,3,20,73,5,3,27,115,.306,.339,.475,.814,123,271,14,2,0,1,0,*6/DH,bichebo01
93,Alec Bohm,20,2023,26,PHI,NL,145,611,558,74,153,102,31,0,20,97,4,1,42,94,.274,.327,.437,.765,108,244,23,5,0,6,1,53/DH,bohmal01
94,Kerry Carpenter,20,2023,25,DET,AL,118,459,418,57,116,77,17,2,20,64,6,0,32,115,.278,.340,.471,.811,120,197,5,8,0,1,3,9D7/H,carpeke01
95,Willson Contreras,20,2023,31,STL,NL,125,495,428,55,113,66,27,0,20,67,6,3,51,111,.264,.358,.467,.826,124,200,12,13,1,2,0,2D/H,contrwi01
96,Nolan Jones,20,2023,25,COL,NL,106,424,367,60,109,63,22,4,20,62,20,4,53,126,.297,.389,.542,.931,138,199,1,3,0,1,3,793/8H5,jonesno01
97,Josh Lowe,20,2023,25,TBR,AL,135,501,466,71,136,81,33,2,20,83,32,3,31,124,.292,.335,.500,.835,129,233,6,1,0,3,2,9DH8/7,lowejo01
98,J.T. Realmuto,20,2023,32,PHI,NL,135,540,489,70,123,70,28,5,20,63,16,5,35,138,.252,.310,.452,.762,106,221,10,9,0,5,3,*2/H,realmjt01
99,Hunter Renfroe,20,2023,31,CINLAA,ALNL,140,548,498,60,116,65,31,0,20,60,0,0,44,125,.233,.297,.416,.713,91,207,15,3,0,3,0,*9H/D3,renfrhu01
100,Adley Rutschman,20,2023,25,BAL,AL,154,687,588,84,163,111,31,1,20,80,1,2,92,101,.277,.374,.435,.809,128,256,14,2,0,5,6,*2D/H,rutscad01
101,Seiya Suzuki,20,2023,28,CHC,NL,138,583,515,75,147,90,31,6,20,74,6,7,59,130,.285,.357,.485,.842,124,250,8,2,0,7,3,*9/DH,suzukse01
102,Daulton Varsho,20,2023,26,TOR,AL,158,581,527,65,116,70,23,3,20,61,16,7,45,135,.220,.285,.389,.674,85,205,5,4,1,3,0,*78/HD,varshda01
103,Brandon Belt,19,2023,35,TOR,AL,103,404,339,53,86,44,23,0,19,43,0,0,61,141,.254,.369,.490,.858,136,166,5,2,0,2,1,D3/H,beltbr01
104,Xander Bogaerts,19,2023,30,SDP,NL,155,665,596,83,170,118,31,2,19,58,19,2,56,110,.285,.350,.440,.790,120,262,21,7,0,6,0,*6/DH,bogaexa01
105,Jazz Chisholm Jr.,19,2023,25,MIA,NL,97,383,352,50,88,55,12,2,19,51,22,3,26,118,.250,.304,.457,.761,103,161,4,2,1,2,0,8/HD,chishja01
106,J.P. Crawford,19,2023,28,SEA,AL,145,638,534,94,142,88,35,0,19,65,2,0,94,125,.266,.380,.438,.818,131,234,7,5,3,2,1,*6/H,crawfjp01
107,Bryan De La Cruz,19,2023,26,MIA,NL,153,626,579,60,149,98,32,0,19,78,4,1,40,142,.257,.304,.411,.715,92,238,18,1,0,5,0,*79/8HD,delacbr01
108,Mitch Garver,19,2023,32,TEX,AL,87,344,296,45,80,50,11,0,19,50,0,0,44,82,.270,.370,.500,.870,134,148,6,3,0,0,1,D2/H3,garvemi01
109,Luke Raley,19,2023,28,TBR,AL,118,406,357,56,89,44,23,3,19,49,14,3,28,128,.249,.333,.490,.824,126,175,2,18,1,2,0,937DH8/1,raleylu01
110,Gary Sánchez,19,2023,30,NYMSDP,NL,75,267,240,33,52,24,9,0,19,47,0,0,21,67,.217,.288,.492,.780,113,118,3,4,0,2,0,2/DH,sanchga02
111,Will Smith,19,2023,28,LAD,NL,126,554,464,80,121,79,21,2,19,76,3,0,63,89,.261,.359,.438,.797,114,203,8,15,0,12,2,*2D/H,smithwi05
112,Christian Yelich,19,2023,31,MIL,NL,144,632,550,106,153,99,34,1,19,76,28,3,78,140,.278,.370,.447,.818,124,246,15,3,0,1,7,*7D/H,yelicch01
113,CJ Abrams,18,2023,22,WSN,NL,151,614,563,83,138,86,28,6,18,64,47,4,32,118,.245,.300,.412,.712,95,232,7,13,3,3,2,*6/H,abramcj01
114,José Abreu,18,2023,36,HOU,AL,141,594,540,62,128,86,23,1,18,90,0,1,42,130,.237,.296,.383,.680,87,207,16,6,0,6,1,*3/D,abreujo02
115,Carlos Correa,18,2023,28,MIN,AL,135,580,514,60,118,69,29,2,18,65,0,0,59,131,.230,.312,.399,.711,94,205,30,4,0,3,3,*6,correca01
116,J.D. Davis,18,2023,30,SFG,NL,144,546,480,61,119,77,23,1,18,69,1,0,52,152,.248,.325,.413,.738,103,198,16,6,0,6,0,*5H3D,davisjd01
117,TJ Friedl,18,2023,27,CIN,NL,138,556,488,73,136,88,22,8,18,66,27,6,47,90,.279,.352,.467,.819,118,228,0,10,8,3,1,*87H/9D,friedtj01
118,Michael Harris II,18,2023,22,ATL,NL,138,539,505,76,148,94,33,3,18,57,20,4,25,101,.293,.331,.477,.808,114,241,8,5,1,3,1,*8/H,harrimi04
119,Jonah Heim,18,2023,28,TEX,AL,131,501,457,61,118,72,28,0,18,95,2,0,40,96,.258,.317,.438,.755,103,200,10,1,0,3,2,*2/DH,heimjo01
120,Eloy Jiménez,18,2023,26,CHW,AL,120,489,456,50,124,83,23,0,18,64,0,0,30,93,.272,.317,.441,.758,104,201,13,1,0,2,2,D9/H,jimenel02
121,Ryan Mountcastle,18,2023,26,BAL,AL,115,470,423,64,114,74,21,1,18,68,3,1,37,107,.270,.328,.452,.779,117,191,13,3,0,7,1,3D/H,mountry01
122,Keibert Ruiz,18,2023,24,WSN,NL,136,562,523,55,136,94,24,0,18,67,1,1,31,58,.260,.308,.409,.717,97,214,13,6,0,2,1,*2D/H,ruizke01
123,Mike Trout,18,2023,31,LAA,AL,82,362,308,54,81,48,14,1,18,44,2,0,45,104,.263,.367,.490,.858,131,151,4,7,0,2,2,8/DH,troutmi01
124,José Altuve,17,2023,33,HOU,AL,90,410,360,76,112,72,21,2,17,51,14,2,44,71,.311,.393,.522,.915,151,188,9,5,0,1,0,4/DH,altuvjo01
125,Orlando Arcia,17,2023,28,ATL,NL,139,533,488,66,129,87,25,0,17,65,1,0,39,102,.264,.321,.420,.741,98,205,14,3,0,3,0,*6/H,arciaor01
126,Byron Buxton,17,2023,29,MIN,AL,85,347,304,49,63,28,17,1,17,42,9,0,35,109,.207,.294,.438,.731,98,133,3,4,0,4,2,D/H,buxtoby01
127,Matt Chapman,17,2023,30,TOR,AL,140,581,509,66,122,64,39,2,17,54,4,2,62,165,.240,.330,.424,.755,108,216,4,8,0,2,1,*5/DH,chapmma01
128,William Contreras,17,2023,25,MIL,NL,141,611,540,86,156,100,38,1,17,78,6,1,63,126,.289,.367,.457,.825,125,247,23,5,1,2,2,2D/H,contrwi02
129,Garrett Cooper,17,2023,32,MIASDP,NL,123,457,422,42,106,70,18,1,17,61,0,0,31,132,.251,.304,.419,.724,96,177,15,2,0,2,0,3DH,coopega03
130,Wander Franco,17,2023,22,TBR,AL,112,491,442,65,124,78,23,6,17,58,30,10,42,69,.281,.344,.475,.819,126,210,18,3,0,4,3,*6/HD,francwa01
131,Jonathan India,17,2023,26,CIN,NL,119,529,454,78,111,71,23,0,17,61,14,2,52,109,.244,.338,.407,.746,100,185,13,16,0,7,0,4D/H,indiajo01
132,Danny Jansen,17,2023,28,TOR,AL,86,301,268,38,61,29,15,0,17,53,0,0,23,62,.228,.312,.474,.786,115,127,3,10,0,0,1,2H/D,janseda01
133,Ha-Seong Kim,17,2023,27,SDP,NL,152,626,538,84,140,100,23,0,17,60,38,9,75,124,.260,.351,.398,.749,110,214,7,3,5,5,1,456/HD,kimha01
134,Nathaniel Lowe,17,2023,27,TEX,AL,161,724,623,89,163,105,38,3,17,82,1,0,93,165,.262,.360,.414,.775,111,258,22,5,0,3,2,*3,lowena01
135,Josh Naylor,17,2023,26,CLE,AL,121,495,452,52,139,91,31,0,17,97,10,3,33,68,.308,.354,.489,.842,133,221,11,3,0,7,9,3D/H9,naylojo01
136,Nelson Velázquez,17,2023,24,CHCKCR,ALNL,53,179,162,35,38,15,6,0,17,34,0,0,14,51,.235,.302,.586,.888,136,95,3,2,0,1,0,9D/7H8,velazne01
137,LaMonte Wade Jr.,17,2023,29,SFG,NL,135,519,429,64,110,77,14,2,17,45,2,0,76,95,.256,.373,.417,.790,119,179,4,6,4,4,3,*3H7/9D8,wadela01
138,Mike Ford,16,2023,30,SEA,AL,83,251,219,32,50,28,6,0,16,34,0,0,24,81,.228,.323,.475,.798,122,104,4,7,0,1,0,DH3/1,fordmi01
139,Randal Grichuk,16,2023,31,COLLAA,ALNL,118,471,434,65,116,67,31,2,16,44,2,2,29,96,.267,.321,.459,.779,103,199,11,6,0,2,2,798D/H,grichra01
140,Austin Hays,16,2023,27,BAL,AL,144,566,520,76,143,89,36,2,16,67,5,1,38,141,.275,.325,.444,.769,114,231,11,3,0,5,1,*7/89HD,haysau01
141,Edouard Julien,16,2023,24,MIN,AL,109,408,338,60,89,56,16,1,16,37,3,0,64,128,.263,.381,.459,.839,130,155,8,2,1,3,0,4DH/3,julieed01
142,Matt McLain,16,2023,23,CIN,NL,89,403,365,65,106,63,23,4,16,50,14,5,31,115,.290,.357,.507,.864,129,185,5,7,0,0,0,64/DH,mclaima01
143,MJ Melendez,16,2023,24,KCR,AL,148,602,533,65,125,75,29,5,16,56,6,4,62,170,.235,.316,.398,.713,95,212,4,3,0,4,2,*97D2/H3,melenmj01
144,Ryan Noda,16,2023,27,OAK,AL,128,495,406,63,93,54,22,1,16,54,3,1,77,170,.229,.364,.406,.770,121,165,4,10,0,2,1,*3H/9D7,nodary01
145,Tommy Pham,16,2023,35,ARINYM,NL,129,481,426,55,109,63,27,3,16,68,22,3,47,106,.256,.328,.446,.774,111,190,11,2,0,6,1,7DH9/8,phamth01
146,Luis Rengifo,16,2023,26,LAA,AL,126,445,394,55,104,69,15,4,16,51,6,4,41,82,.264,.339,.444,.783,111,175,3,6,0,4,0,4659H/78,rengilu01
147,Jordan Walker,16,2023,21,STL,NL,117,465,420,51,116,79,19,2,16,51,7,4,37,104,.276,.342,.445,.787,114,187,9,6,0,2,0,*97/DH,walkejo02
148,Michael Conforto,15,2023,30,SFG,NL,125,470,406,58,97,68,14,0,15,58,4,0,53,106,.239,.334,.384,.718,99,156,12,7,0,4,4,*97DH,confomi01
149,Jake Fraley,15,2023,28,CIN,NL,111,380,336,41,86,53,18,0,15,65,21,5,37,71,.256,.339,.443,.783,109,149,5,6,0,1,2,97HD,fraleja01
150,Andrés Giménez,15,2023,24,CLE,AL,153,616,557,76,140,93,27,5,15,62,30,6,32,112,.251,.314,.399,.712,98,222,10,20,4,3,3,*4/H,gimenan01
151,Ke'Bryan Hayes,15,2023,26,PIT,NL,124,525,494,65,134,81,31,7,15,61,10,6,28,104,.271,.309,.453,.762,105,224,11,0,0,3,1,*5/DH,hayeske01
152,Jason Heyward,15,2023,33,LAD,NL,124,377,334,56,90,52,23,0,15,40,2,2,34,64,.269,.340,.473,.813,117,158,7,3,0,3,1,*98H/73D,heywaja01
153,DJ LeMahieu,15,2023,34,NYY,AL,136,562,497,55,121,81,22,3,15,44,2,2,60,125,.243,.327,.390,.718,96,194,14,3,0,2,2,53/4HD,lemahdj01
154,Royce Lewis,15,2023,24,MIN,AL,58,239,217,36,67,45,7,0,15,52,6,1,20,55,.309,.372,.548,.921,150,119,5,2,0,0,0,5/DH6,lewisro02
155,Martín Maldonado,15,2023,36,HOU,AL,116,407,362,33,69,42,12,0,15,36,0,0,30,139,.191,.258,.348,.606,66,126,10,3,12,0,0,*2/1,maldoma01
156,Michael Massey,15,2023,25,KCR,AL,129,461,428,42,98,64,18,1,15,55,6,2,24,99,.229,.274,.381,.655,78,163,3,4,1,4,0,*4H/D,massemi02
157,Cedric Mullins,15,2023,28,BAL,AL,116,455,404,51,94,53,23,3,15,74,19,3,43,101,.233,.305,.416,.721,101,168,6,1,3,4,1,*8/HD,mullice01
158,Joc Pederson,15,2023,31,SFG,NL,121,425,358,59,84,52,14,3,15,51,0,0,57,89,.235,.348,.416,.764,111,149,12,7,0,3,6,D7H/93,pederjo01
159,Bryson Stott,15,2023,25,PHI,NL,151,640,585,78,164,115,32,2,15,62,31,3,39,100,.280,.329,.419,.747,104,245,10,7,1,8,1,*4/HD,stottbr01
160,Chris Taylor,15,2023,32,LAD,NL,117,384,338,51,80,49,15,1,15,56,16,3,41,125,.237,.326,.420,.746,100,142,2,4,0,1,2,765H/D84,tayloch03
161,Ezequiel Tovar,15,2023,21,COL,NL,153,615,581,79,147,91,37,4,15,73,11,5,25,166,.253,.287,.408,.695,77,237,10,4,2,3,0,*6,tovarez01
162,Mike Yastrzemski,15,2023,32,SFG,NL,106,381,330,54,77,38,23,1,15,43,2,2,45,99,.233,.330,.445,.775,113,147,5,3,2,1,3,987H/D,yastrmi01
163,Masataka Yoshida,15,2023,29,BOS,AL,140,580,537,71,155,104,33,3,15,72,8,0,34,81,.289,.338,.445,.783,109,239,20,7,0,2,0,7D/H,yoshima02
164,Seth Brown,14,2023,30,OAK,AL,112,378,343,33,76,42,19,1,14,52,3,1,30,101,.222,.286,.405,.692,96,139,6,2,1,2,1,97HD3,brownse01
165,Paul DeJong,14,2023,29,SFGSTLTOR,ALNL,112,400,372,41,77,50,13,0,14,38,4,4,21,121,.207,.258,.355,.612,66,132,10,5,0,2,0,*6/H4D,dejonpa01
166,Elías Díaz,14,2023,32,COL,NL,141,526,486,48,130,90,25,1,14,72,1,0,34,118,.267,.316,.409,.725,86,199,12,2,0,4,0,*2H/D,diazel01
167,Ezequiel Durán,14,2023,24,TEX,AL,122,439,406,55,112,74,22,2,14,46,8,4,23,120,.276,.324,.443,.768,106,180,7,7,1,2,1,675D/4H39,duranez01
168,Thairo Estrada,14,2023,27,SFG,NL,120,530,495,63,134,92,26,2,14,49,23,7,22,120,.271,.315,.416,.731,101,206,10,11,0,2,1,46/7D,estrath01
169,Zack Gelof,14,2023,23,OAK,AL,69,300,270,40,72,37,20,1,14,32,14,2,26,82,.267,.337,.504,.840,137,136,5,3,0,1,1,4,gelofza01
170,Ryan Jeffers,14,2023,26,MIN,AL,96,335,286,46,79,48,15,2,14,43,3,2,33,93,.276,.369,.490,.858,134,140,6,10,4,2,1,2H/D,jeffery01
171,Mickey Moniak,14,2023,25,LAA,AL,85,323,311,35,87,50,21,2,14,45,6,3,9,113,.280,.307,.495,.802,113,154,4,3,0,0,1,897/H,moniami01
172,Lars Nootbaar,14,2023,25,STL,NL,117,503,426,74,111,73,23,1,14,46,11,1,72,99,.261,.367,.418,.784,115,178,7,1,1,3,2,*897/HD,nootbla01
173,Ryan O'Hearn,14,2023,29,BAL,AL,112,368,346,48,100,63,22,1,14,60,5,1,15,82,.289,.322,.480,.801,122,166,2,3,1,3,2,39HD/7,ohearry01
174,Logan O'Hoppe,14,2023,23,LAA,AL,51,199,182,23,43,23,6,0,14,29,0,1,14,48,.236,.296,.500,.796,111,91,4,2,0,1,0,2/DH,ohopplo01
175,Jorge Polanco,14,2023,29,MIN,AL,80,343,302,38,77,45,18,0,14,48,4,0,36,88,.255,.335,.454,.789,115,137,2,2,0,3,0,45D/H,polanjo01
176,Jesús Sánchez,14,2023,25,MIA,NL,125,402,360,43,91,51,23,3,14,52,3,1,38,107,.253,.327,.450,.777,108,162,12,2,1,1,1,*9H/87D,sanchje02
177,Leody Taveras,14,2023,24,TEX,AL,143,554,511,67,136,88,31,3,14,67,14,4,35,117,.266,.312,.421,.733,97,215,3,1,3,4,0,*8/HD,taverle01
178,Joey Votto,14,2023,39,CIN,NL,65,242,208,26,42,22,6,0,14,38,0,0,27,62,.202,.314,.433,.747,99,90,2,7,0,0,0,3D/H,vottojo01
179,Matt Wallner,14,2023,25,MIN,AL,76,254,213,42,53,27,11,1,14,41,2,1,28,80,.249,.370,.507,.877,139,108,1,13,0,0,1,79/DH,wallnma01
180,Taylor Ward,14,2023,29,LAA,AL,97,409,356,60,90,58,18,0,14,47,4,2,39,80,.253,.335,.421,.756,105,150,9,8,0,6,0,7/H3,wardta01
181,Trent Grisham,13,2023,26,SDP,NL,153,555,469,67,93,48,31,1,13,50,15,3,75,154,.198,.315,.352,.666,87,165,7,5,4,1,0,*8/H,grishtr01
182,Elly De La Cruz,13,2023,21,CIN,NL,98,427,388,67,91,56,15,7,13,44,35,8,35,144,.235,.300,.410,.710,89,159,6,2,1,1,3,65/HD,delacel01
183,Josh Donaldson,13,2023,37,MILNYY,ALNL,50,189,165,18,25,7,5,0,13,26,0,0,22,50,.152,.249,.418,.667,79,69,6,0,0,2,0,5/DH1,donaljo02
184,Tommy Edman,13,2023,28,STL,NL,137,528,479,69,119,77,25,4,13,47,27,4,35,84,.248,.307,.399,.705,91,191,9,7,3,4,1,468/9H,edmanto01
185,Christian Encarnacion-Strand,13,2023,23,CIN,NL,63,241,222,29,60,40,7,0,13,37,2,0,14,69,.270,.328,.477,.805,113,106,5,5,0,0,0,3D/5H9,encarch01
186,Adam Frazier,13,2023,31,BAL,AL,141,455,412,59,99,63,21,2,13,60,11,4,32,68,.240,.300,.396,.696,94,163,4,4,4,2,0,*4H/97D,fraziad01
187,Joey Meneses,13,2023,31,WSN,NL,154,657,611,71,168,118,36,1,13,89,0,0,38,130,.275,.321,.401,.722,99,245,15,5,0,3,0,*D3/H9,menesjo01
188,Blake Sabol,13,2023,25,SFG,NL,110,344,310,36,73,50,10,0,13,44,4,2,24,117,.235,.301,.394,.695,91,122,4,6,2,2,0,27HD,sabolbl01
189,Nick Senzel,13,2023,28,CIN,NL,104,330,301,49,71,48,10,0,13,42,6,2,26,74,.236,.297,.399,.696,85,120,9,1,0,2,0,57H89/4D,senzeni01
190,Tyler Stephenson,13,2023,26,CIN,NL,142,517,465,59,113,78,20,2,13,56,0,1,47,135,.243,.317,.378,.696,87,176,16,4,0,1,2,2DH/3,stephty01
191,Rowdy Tellez,13,2023,28,MIL,NL,105,351,311,26,67,44,9,1,13,47,0,0,35,86,.215,.291,.376,.667,82,117,11,0,0,5,2,3DH/1,tellero01
192,Alex Verdugo,13,2023,27,BOS,AL,142,602,546,81,144,89,37,5,13,54,5,3,45,93,.264,.324,.421,.745,100,230,11,6,0,5,1,*9/H,verdual01
193,Daniel Vogelbach,13,2023,30,NYM,NL,104,319,275,33,64,43,8,0,13,48,0,0,42,81,.233,.339,.404,.742,104,111,6,2,0,0,1,DH,vogelda01
194,Joey Wiemer,13,2023,24,MIL,NL,132,410,367,48,75,43,19,0,13,42,11,4,36,116,.204,.283,.362,.645,76,133,4,5,0,2,0,*89/H7,wiemejo01
195,Jake Bauers,12,2023,27,NYY,AL,84,272,242,28,49,22,15,0,12,30,3,2,27,95,.202,.279,.413,.693,87,100,3,0,0,3,0,973H/D,bauerja01
196,C.J. Cron,12,2023,33,COLLAA,ALNL,71,278,258,38,64,40,12,0,12,37,0,0,17,65,.248,.295,.434,.729,87,112,13,1,0,2,0,3/DH,croncj01
197,Ty France,12,2023,28,SEA,AL,158,665,587,79,147,103,32,0,12,58,1,0,43,117,.250,.337,.366,.703,99,215,25,34,0,1,0,*3/H,francty01
198,Brandon Marsh,12,2023,25,PHI,NL,133,472,404,58,112,69,25,6,12,60,10,2,59,144,.277,.372,.458,.829,127,185,4,4,1,4,2,*87H/9D,marshbr02
199,Andrew McCutchen,12,2023,36,PIT,NL,112,473,390,55,100,69,19,0,12,43,11,3,75,100,.256,.378,.397,.776,113,155,8,4,0,4,1,D/9H,mccutan01
200,Mike Moustakas,12,2023,34,COLLAA,ALNL,112,386,352,43,87,60,15,0,12,48,0,0,23,95,.247,.293,.392,.685,81,138,7,3,0,8,1,53HD,moustmi01
201,Edward Olivares,12,2023,27,KCR,AL,107,385,354,47,93,54,23,4,12,36,11,5,22,64,.263,.317,.452,.769,109,160,7,7,0,2,1,7DH/98,olivaed02
202,Harold Ramírez,12,2023,28,TBR,AL,122,434,400,58,125,92,19,2,12,68,5,3,22,79,.313,.353,.460,.813,125,184,7,6,0,6,0,DH/793,ramirha02
203,Anthony Rizzo,12,2023,33,NYY,AL,99,421,373,45,91,65,14,0,12,41,0,3,35,97,.244,.328,.378,.706,94,141,10,12,0,1,1,3/D,rizzoan01
204,Dominic Smith,12,2023,28,WSN,NL,153,586,527,57,134,100,21,1,12,46,1,1,47,91,.254,.326,.366,.692,92,193,12,10,0,2,1,*3/HD,smithdo02
205,Akil Baddoo,11,2023,24,DET,AL,112,357,312,40,68,43,13,1,11,34,14,3,42,89,.218,.310,.372,.682,86,116,4,0,2,1,2,7H/89D,baddoak01
206,Will Benson,11,2023,25,CIN,NL,108,329,287,51,79,45,15,8,11,31,19,3,40,103,.275,.365,.498,.863,130,143,3,1,0,1,0,97H/D8,bensowi01
207,Christian Bethancourt,11,2023,31,TBR,AL,104,332,315,49,71,44,16,0,11,33,1,0,13,91,.225,.254,.381,.635,74,120,6,0,1,3,0,2/H1D,bethach01
208,Mark Canha,11,2023,34,MILNYM,NL,139,507,435,51,114,77,25,1,11,62,11,1,49,79,.262,.355,.400,.755,108,174,11,17,0,6,1,7D93H/5,canhama01
209,Travis d'Arnaud,11,2023,34,ATL,NL,74,292,267,31,60,36,13,0,11,39,0,0,21,67,.225,.288,.397,.685,82,106,6,3,0,1,0,2/DH,darnatr01
210,Brendan Donovan,11,2023,26,STL,NL,95,371,327,48,93,71,10,1,11,34,5,1,33,53,.284,.365,.422,.787,115,138,4,9,1,1,2,47D3H/956,donovbr01
211,Kyle Farmer,11,2023,32,MIN,AL,120,369,336,49,86,59,14,2,11,46,2,4,23,86,.256,.317,.408,.725,98,137,7,8,0,2,0,456H/37D,farmeky01
212,Riley Greene,11,2023,22,DET,AL,99,416,378,51,109,75,19,4,11,37,7,0,35,114,.288,.349,.447,.796,117,169,7,1,0,2,0,8/D79H,greenri03
213,Kiké Hernández,11,2023,31,BOSLAD,ALNL,140,508,465,57,110,76,23,0,11,61,4,1,34,97,.237,.289,.357,.646,74,166,17,3,0,6,1,648573H/9,hernaen02
214,Andy Ibañez,11,2023,30,DET,AL,114,383,356,42,94,58,23,2,11,41,1,0,24,69,.264,.312,.433,.744,102,154,7,1,1,1,0,4H57/93D,ibanean01
215,Connor Joe,11,2023,30,PIT,NL,133,472,413,63,102,56,31,4,11,42,3,5,50,110,.247,.339,.421,.760,107,174,4,8,0,1,0,937H/D,joeco01
216,Jarred Kelenic,11,2023,23,SEA,AL,105,416,372,44,94,56,25,2,11,49,13,5,41,132,.253,.327,.419,.746,109,156,6,1,0,2,4,79/8HD,kelenja01
217,Alex Kirilloff,11,2023,25,MIN,AL,88,319,281,35,76,50,14,1,11,41,1,0,28,80,.270,.348,.445,.793,117,125,2,7,0,3,1,3H97/D,kirilal01
218,Evan Longoria,11,2023,37,ARI,NL,74,237,211,25,47,27,9,0,11,28,0,0,23,73,.223,.295,.422,.717,93,89,8,0,0,3,0,5DH,longoev01
219,Whit Merrifield,11,2023,34,TOR,AL,145,592,547,66,149,111,27,0,11,67,26,10,36,101,.272,.318,.382,.700,94,209,15,3,0,6,2,47/H9,merriwh01
220,Yoán Moncada,11,2023,28,CHW,AL,92,357,334,39,87,55,20,1,11,40,1,0,20,107,.260,.305,.425,.730,97,142,6,2,0,1,0,5/H,moncayo01
221,Elehuris Montero,11,2023,24,COL,NL,85,307,284,40,69,41,15,2,11,39,0,0,15,111,.243,.290,.426,.716,82,121,5,5,0,3,0,3D5/H,monteel01
222,Bo Naylor,11,2023,23,CLE,AL,67,230,198,33,47,23,13,0,11,32,5,0,30,53,.237,.339,.470,.809,124,93,2,1,0,1,1,2/H,naylobo01
223,DJ Stewart,11,2023,29,NYM,NL,58,185,160,21,39,19,9,0,11,26,1,1,15,56,.244,.333,.506,.840,128,81,3,7,1,1,0,9/HD7,stewadj01
224,Gabriel Arias,10,2023,23,CLE,AL,122,345,315,36,66,41,15,0,10,26,3,4,28,113,.210,.275,.352,.628,75,111,9,1,0,1,0,63H95/D4,ariasga01
225,Luis Arráez,10,2023,26,MIA,NL,147,617,574,71,203,160,30,3,10,69,3,2,35,34,.354,.393,.469,.861,133,269,18,4,1,3,10,*43/HD,arraelu01
226,JJ Bleday,10,2023,25,OAK,AL,82,303,256,35,50,29,11,0,10,27,5,1,42,72,.195,.310,.355,.666,91,91,3,2,0,3,0,789/HD,bledajj01
227,Kris Bryant,10,2023,31,COL,NL,80,335,300,36,70,50,10,0,10,31,0,0,29,68,.233,.313,.367,.680,76,110,6,6,0,0,0,9D/37H,bryankr01
228,Jake Cronenworth,10,2023,29,SDP,NL,127,522,458,54,105,64,24,7,10,48,6,1,46,97,.229,.312,.378,.689,92,173,8,11,1,5,2,34/H,croneja01
229,Jordan Diaz,10,2023,22,OAK,AL,90,293,272,20,60,41,9,0,10,27,0,1,17,69,.221,.273,.364,.637,81,99,10,3,0,1,0,54D/H3,diazjo03
230,Brenton Doyle,10,2023,25,COL,NL,126,431,399,48,81,50,16,5,10,48,22,5,22,151,.203,.250,.343,.593,52,137,9,4,3,3,0,*8/H,doylebr02
231,Mauricio Dubón,10,2023,28,HOU,AL,132,492,467,76,130,91,26,3,10,46,7,2,19,70,.278,.309,.411,.720,97,192,10,3,0,3,0,48H/67395,dubonma01
232,Yan Gomes,10,2023,35,CHC,NL,116,419,382,44,102,70,20,2,10,63,1,0,21,81,.267,.315,.408,.723,93,156,9,9,0,7,1,2DH,gomesya01
233,Robbie Grossman,10,2023,33,TEX,AL,115,420,353,56,84,50,23,1,10,49,1,0,57,98,.238,.340,.394,.734,100,139,8,2,0,8,0,7D9H,grossro01
234,Kyle Higashioka,10,2023,33,NYY,AL,92,260,242,24,57,34,13,0,10,34,0,0,14,74,.236,.274,.413,.687,85,100,5,0,1,3,0,2/HD,higasky01
235,Andrew Knizner,10,2023,28,STL,NL,70,241,224,30,54,33,11,0,10,31,2,0,12,62,.241,.288,.424,.712,92,95,8,3,1,1,0,2/H3D,kniznan01
236,Jeff McNeil,10,2023,31,NYM,NL,156,648,585,75,158,119,25,4,10,55,10,0,39,65,.270,.333,.378,.711,96,221,5,18,3,3,0,497/H836,mcneije01
237,Jake Meyers,10,2023,27,HOU,AL,112,341,309,42,70,43,16,1,10,33,5,2,26,88,.227,.296,.382,.678,86,118,2,5,0,1,0,8H/7D,meyerja02
238,Joshua Palacios,10,2023,27,PIT,NL,91,264,247,26,59,38,9,2,10,40,5,0,12,56,.239,.279,.413,.692,86,102,7,2,2,1,0,9H78/D,palacjo01
239,Jeremy Peña,10,2023,25,HOU,AL,150,634,577,81,152,107,32,3,10,52,13,9,43,129,.263,.324,.381,.705,95,220,11,9,1,1,1,*6,penaje02
240,Gavin Sheets,10,2023,27,CHW,AL,118,344,311,24,63,43,10,0,10,43,1,0,28,66,.203,.267,.331,.599,63,103,6,1,0,4,2,9H3D/7,sheetga01
241,Edmundo Sosa,10,2023,27,PHI,NL,104,300,279,34,70,43,15,2,10,30,4,2,8,74,.251,.293,.427,.719,95,119,10,9,2,1,0,56H/48,sosaed01
242,Tyrone Taylor,10,2023,29,MIL,NL,81,243,231,36,54,26,17,1,10,35,9,0,8,55,.234,.267,.446,.713,91,103,10,3,0,1,0,97H/8D,tayloty01
243,Matt Vierling,10,2023,26,DET,AL,134,530,479,63,125,89,21,5,10,44,6,6,44,112,.261,.329,.388,.717,96,186,8,5,1,1,1,*9758H/4,vierlma01
244,Brian Anderson,9,2023,30,MIL,NL,96,361,318,38,72,48,12,3,9,40,1,3,36,108,.226,.310,.368,.678,86,117,10,4,0,3,0,59/HD,anderbr06
245,Javier Báez,9,2023,30,DET,AL,136,547,510,58,113,82,18,4,9,59,12,0,24,125,.222,.267,.325,.593,62,166,12,9,0,3,0,*6/DH,baezja01
246,Brett Baty,9,2023,23,NYM,NL,108,389,353,41,75,54,12,0,9,34,2,0,29,109,.212,.275,.323,.598,65,114,8,2,1,1,0,5/HD7,batybr01
247,Cavan Biggio,9,2023,28,TOR,AL,111,338,289,54,68,47,12,0,9,40,5,2,40,88,.235,.340,.370,.710,98,107,0,7,0,2,0,4H935/D6,biggica01
248,Willi Castro,9,2023,26,MIN,AL,124,409,358,60,92,60,18,5,9,34,33,5,34,99,.257,.339,.411,.750,106,147,5,12,2,3,1,785H4/691D,castrwi01
249,Freddy Fermin,9,2023,28,KCR,AL,70,235,217,26,61,41,10,1,9,32,0,0,13,50,.281,.321,.461,.781,112,100,11,1,1,3,0,2/HD,fermifr01
250,Luis García,9,2023,23,WSN,NL,122,482,447,61,119,88,18,4,9,50,9,4,27,60,.266,.304,.385,.688,90,172,10,0,1,7,1,*4H,garcilu04
251,Stone Garrett,9,2023,27,WSN,NL,89,271,234,40,63,37,17,0,9,40,3,1,26,82,.269,.343,.457,.801,120,107,6,3,0,5,0,7H9/D,garrest01
252,Nico Hoerner,9,2023,26,CHC,NL,150,688,619,98,175,135,27,4,9,68,43,7,49,83,.283,.346,.383,.729,97,237,12,14,1,5,0,*46/DH,hoernni01
253,Ramón Laureano,9,2023,28,CLEOAK,AL,105,404,361,46,81,50,18,4,9,35,12,1,33,114,.224,.304,.371,.676,91,134,9,9,0,1,0,98/HD,laurera01
254,Zach McKinstry,9,2023,28,DET,AL,148,518,464,60,107,73,21,4,9,35,16,6,44,113,.231,.302,.351,.654,79,163,3,5,2,3,0,549H67/8D1,mckinza01
255,Zach Neto,9,2023,22,LAA,AL,84,329,289,38,65,39,17,0,9,34,5,1,20,77,.225,.308,.377,.685,86,109,5,16,1,3,0,6/H,netoza01
256,Tyler O'Neill,9,2023,28,STL,NL,72,266,238,27,55,32,14,0,9,21,5,0,28,67,.231,.312,.403,.715,94,96,5,0,0,0,0,78/HD,oneilty01
257,Vinnie Pasquantino,9,2023,25,KCR,AL,61,260,231,24,57,31,17,0,9,26,0,0,25,31,.247,.324,.437,.762,108,101,7,2,0,1,2,3D/H,pasquvi01
258,Kevin Pillar,9,2023,34,ATL,NL,81,206,197,29,45,26,10,0,9,32,4,1,6,50,.228,.248,.416,.664,74,82,2,0,0,3,0,7H9/8,pillake01
259,Jurickson Profar,9,2023,30,COLSDP,NL,125,521,459,55,111,73,27,2,9,46,1,0,50,90,.242,.321,.368,.689,80,169,11,6,0,5,0,7DH/394,profaju01
260,Matt Thaiss,9,2023,28,LAA,AL,95,307,262,32,56,41,6,0,9,31,2,0,36,83,.214,.319,.340,.659,80,89,4,6,0,3,1,2H/D3,thaisma01
261,Alek Thomas,9,2023,23,ARI,NL,125,402,374,51,86,55,17,5,9,39,9,1,19,86,.230,.273,.374,.647,75,140,5,4,2,3,1,*8H/D,thomaal01
262,Mark Vientos,9,2023,23,NYM,NL,65,233,218,19,46,31,5,1,9,22,1,0,10,71,.211,.253,.367,.620,69,80,5,3,0,2,0,D53/H,vientma01
263,Connor Wong,9,2023,27,BOS,AL,126,403,371,55,87,51,25,2,9,36,8,2,22,134,.235,.288,.385,.673,80,143,4,6,3,1,0,*2H/4D,wongco01
264,Charlie Blackmon,8,2023,36,COL,NL,96,413,359,57,100,63,24,5,8,40,4,1,39,55,.279,.363,.440,.803,107,158,6,11,0,4,0,D9/H,blackch02
265,Alec Burleson,8,2023,24,STL,NL,107,347,315,34,77,48,20,1,8,36,3,1,23,45,.244,.300,.390,.691,87,123,13,3,1,2,0,7DH39/1,burleal01
266,Alex Call,8,2023,28,WSN,NL,128,439,375,43,75,52,14,1,8,38,9,8,53,78,.200,.307,.307,.614,72,115,1,6,3,2,0,*87/9H,callal02
267,Jarren Duran,8,2023,26,BOS,AL,102,362,332,46,98,54,34,2,8,40,24,2,24,90,.295,.346,.482,.828,121,160,3,3,0,2,1,87H/9D,duranja01
268,Yasmani Grandal,8,2023,34,CHW,AL,118,405,363,33,85,63,14,0,8,33,0,0,36,86,.234,.309,.339,.647,77,123,11,4,0,2,1,2HD/3,grandya01
269,Aaron Hicks,8,2023,33,BALNYY,AL,93,312,269,44,68,50,9,1,8,36,6,0,42,69,.253,.353,.383,.735,106,103,3,0,0,1,1,879H/D,hicksaa01
270,Kevin Kiermaier,8,2023,33,TOR,AL,129,408,370,58,98,63,21,6,8,36,14,1,29,86,.265,.322,.419,.741,104,155,9,4,1,4,0,*8/HD,kiermke01
271,Alejandro Kirk,8,2023,24,TOR,AL,123,422,372,34,93,69,16,0,8,43,0,0,42,45,.250,.334,.358,.692,93,133,21,6,0,2,1,2HD,kirkal01
272,Trevor Larnach,8,2023,26,MIN,AL,58,212,183,26,39,21,7,3,8,40,1,1,27,72,.213,.311,.415,.727,98,76,2,0,0,2,1,79/HD,larnatr01
273,Nick Maton,8,2023,26,DET,AL,93,293,249,29,43,26,9,0,8,32,1,2,38,73,.173,.288,.305,.593,63,76,4,3,1,2,1,54HD/6,matonni01
274,Tom Murphy,8,2023,32,SEA,AL,47,159,145,19,42,22,12,0,8,17,0,0,10,44,.290,.335,.538,.873,142,78,4,1,0,2,0,2/DH,murphto04
275,Davis Schneider,8,2023,24,TOR,AL,35,141,116,23,32,11,12,1,8,20,1,0,21,43,.276,.404,.603,1.008,175,70,2,4,0,0,0,4/D57H,schneda03
276,Mike Tauchman,8,2023,32,CHC,NL,108,401,337,64,85,59,18,0,8,48,7,1,56,86,.252,.363,.377,.739,100,127,3,4,1,3,1,8HD9/7,tauchmi01
277,Taylor Walls,8,2023,26,TBR,AL,99,349,303,50,61,39,12,2,8,36,22,1,44,92,.201,.305,.333,.638,79,101,1,1,1,0,0,546/H,wallsta01
278,Drew Waters,8,2023,24,KCR,AL,98,337,302,40,69,45,11,5,8,32,16,5,27,107,.228,.300,.377,.677,85,114,4,5,0,3,0,89/D7H,waterdr01
279,Harrison Bader,7,2023,29,CINNYY,ALNL,98,344,319,44,74,53,12,2,7,40,20,3,17,59,.232,.274,.348,.622,69,111,7,3,1,4,0,8/HD,baderha01
280,Patrick Bailey,7,2023,24,SFG,NL,97,353,326,29,76,50,18,1,7,48,1,0,21,100,.233,.285,.359,.644,77,117,8,3,2,1,0,2/HD,bailepa01
281,Jon Berti,7,2023,33,MIA,NL,133,424,388,53,114,88,16,3,7,33,16,6,29,77,.294,.344,.405,.748,103,157,10,2,2,3,2,65H74/9D,bertijo01
282,Luis Campusano,7,2023,24,SDP,NL,49,174,163,27,52,38,7,0,7,30,0,0,7,21,.319,.356,.491,.847,134,80,8,3,0,1,0,2/DH,campulu01
283,Víctor Caratini,7,2023,29,MIL,NL,62,226,201,23,52,41,4,0,7,25,1,1,19,45,.259,.327,.383,.711,95,77,8,3,0,3,0,2/HD3,caratvi01
284,Brandon Crawford,7,2023,36,SFG,NL,93,320,283,31,55,36,11,1,7,38,3,0,28,81,.194,.273,.314,.587,63,89,5,4,1,4,1,6/H1,crawfbr01
285,Henry Davis,7,2023,23,PIT,NL,62,255,225,27,48,31,10,0,7,24,3,5,25,69,.213,.302,.351,.653,78,79,3,4,0,1,2,9D/2H,davishe01
286,Jorge Mateo,7,2023,28,BAL,AL,116,350,318,58,69,46,14,2,7,34,32,5,22,82,.217,.267,.340,.607,70,108,8,1,5,3,0,*6H/8D,mateojo01
287,Dylan Moore,7,2023,30,SEA,AL,67,165,145,18,30,13,9,1,7,19,7,3,16,56,.207,.303,.428,.731,104,62,1,4,0,0,0,H47/6D9385,mooredy01
288,Gabriel Moreno,7,2023,23,ARI,NL,111,380,341,33,97,70,19,1,7,50,6,2,29,75,.284,.339,.408,.747,104,139,17,3,0,7,0,2H/D,morenga01
289,Liover Peguero,7,2023,22,PIT,NL,59,213,198,21,47,35,4,1,7,26,6,2,11,67,.237,.280,.374,.653,77,74,6,1,2,1,0,64,pegueli01
290,David Peralta,7,2023,35,LAD,NL,133,422,394,47,102,69,25,1,7,55,4,1,20,72,.259,.294,.381,.675,81,150,8,2,0,6,1,*7H9/D,peralda01
291,Nick Pratto,7,2023,24,KCR,AL,95,345,306,33,71,48,16,0,7,35,1,1,29,138,.232,.307,.353,.660,82,108,3,6,0,4,0,37/H9,prattni01
292,Zack Short,7,2023,28,DET,AL,110,253,221,17,45,29,9,0,7,33,5,0,28,66,.204,.292,.339,.631,73,75,3,0,3,1,0,465H/189D,shortza01
293,Pavin Smith,7,2023,27,ARI,NL,69,228,191,26,36,24,5,0,7,30,1,1,35,45,.188,.317,.325,.642,77,62,3,1,0,0,0,D9H3,smithpa04
294,Miguel Vargas,7,2023,23,LAD,NL,81,304,256,36,50,24,15,4,7,32,3,2,38,61,.195,.305,.367,.672,81,94,1,4,1,4,1,4H/3D,vargami01
295,Chad Wallach,7,2023,31,LAA,AL,65,172,157,18,31,18,5,1,7,15,0,1,13,57,.197,.259,.376,.635,70,59,5,0,2,0,0,2/HD3,wallach01
296,Seby Zavala,7,2023,29,ARICHW,ALNL,73,193,175,17,30,19,4,0,7,18,1,0,12,70,.171,.230,.314,.545,47,55,4,2,2,2,0,2/H1,zavalse01
297,Elvis Andrus,6,2023,34,CHW,AL,112,406,374,39,94,67,20,1,6,44,12,4,25,71,.251,.304,.358,.662,81,134,11,4,1,2,1,46/H5D,andruel01
298,Kole Calhoun,6,2023,35,CLE,AL,43,174,157,18,34,21,7,0,6,25,0,1,13,37,.217,.282,.376,.657,82,59,3,2,0,2,0,3D/9H,calhoko01
299,Dominic Canzone,6,2023,25,ARISEA,ALNL,59,182,173,23,38,19,13,0,6,21,1,0,8,32,.220,.258,.399,.657,81,69,5,1,0,0,0,7DH9,canzodo01
300,Rodolfo Castro,6,2023,24,PHIPIT,NL,92,256,227,21,48,35,7,0,6,24,1,4,23,74,.211,.297,.322,.618,70,73,4,5,0,1,1,46H5/D,castrro01
301,Yu Chang,6,2023,27,BOS,AL,39,112,105,12,17,9,2,0,6,18,4,0,3,34,.162,.200,.352,.552,45,37,2,2,2,0,0,6/4H35D,changyu01
302,Ji Man Choi,6,2023,32,PITSDP,NL,39,117,104,12,17,6,5,0,6,13,0,0,10,35,.163,.239,.385,.624,68,40,2,1,0,2,0,D3/H,choiji01
303,Franchy Cordero,6,2023,28,NYY,AL,24,71,69,9,13,5,2,0,6,13,0,0,2,25,.188,.211,.478,.690,81,33,0,0,0,0,0,9/7H,cordefr02
304,Eduardo Escobar,6,2023,34,LAANYM,ALNL,99,309,288,32,65,48,6,5,6,31,2,1,18,78,.226,.269,.344,.613,67,99,7,0,1,2,0,54H/D316,escobed01
305,Nick Fortes,6,2023,26,MIA,NL,108,323,294,33,60,44,10,0,6,26,4,2,17,59,.204,.263,.299,.562,52,88,12,7,3,2,0,2H/D,forteni01
306,Mitch Haniger,6,2023,32,SFG,NL,61,229,211,27,44,24,13,1,6,28,1,0,15,65,.209,.266,.365,.631,73,77,7,2,0,1,0,79/HD,hanigmi01
307,Corey Julks,6,2023,27,HOU,AL,93,323,298,35,73,53,14,0,6,33,15,3,22,75,.245,.297,.352,.650,79,105,6,1,0,2,0,7DH/9,julksco01
308,Isiah Kiner-Falefa,6,2023,28,NYY,AL,113,361,326,39,79,60,12,1,6,37,14,5,28,70,.242,.306,.340,.646,78,111,12,3,1,3,0,875H/9146,kineris01
309,Luke Maile,6,2023,32,CIN,NL,74,199,179,17,42,26,10,0,6,25,2,1,14,49,.235,.308,.391,.699,87,70,8,5,1,0,0,2/1HD,mailelu01
310,Nick Martini,6,2023,33,CIN,NL,29,79,72,10,19,9,3,1,6,16,0,0,5,15,.264,.329,.583,.912,139,42,1,2,0,0,0,7HD/39,martini02
311,James McCann,6,2023,33,BAL,AL,69,226,207,25,46,26,14,0,6,26,3,1,9,57,.222,.269,.377,.646,79,78,5,5,3,2,0,2/DH31,mccanja02
312,Billy McKinney,6,2023,28,NYY,AL,48,147,128,19,29,19,3,1,6,14,1,0,17,39,.227,.320,.406,.726,98,52,1,1,0,1,1,79/8H3,mckinbi01
313,Richie Palacios,6,2023,26,STL,NL,32,102,93,9,24,12,6,0,6,16,2,0,6,11,.258,.307,.516,.823,120,48,1,1,1,1,0,7/8HD94,palacri01
314,Geraldo Perdomo,6,2023,23,ARI,NL,144,495,407,71,100,70,20,4,6,47,16,4,64,86,.246,.353,.359,.712,96,146,2,6,14,4,1,*645H,perdoge01
315,Carlos Pérez,6,2023,32,OAK,AL,66,189,168,17,38,28,4,0,6,20,0,0,13,40,.226,.293,.357,.650,85,60,4,4,1,3,0,2H3D/17,perezca02
316,Jace Peterson,6,2023,33,ARIOAK,ALNL,133,430,374,35,79,59,10,4,6,37,15,2,47,101,.211,.304,.307,.611,75,115,7,4,2,3,2,*5H4/D137,peterja01
317,René Pinto,6,2023,26,TBR,AL,38,105,103,10,26,17,3,0,6,16,0,0,2,34,.252,.267,.456,.723,97,47,2,0,0,0,0,2/1,pintore02
318,Amed Rosario,6,2023,27,CLELAD,ALNL,142,545,510,70,134,95,25,8,6,58,15,2,29,99,.263,.305,.378,.683,89,193,15,3,0,3,0,64H/D,rosaram01
319,Josh H. Smith,6,2023,25,TEX,AL,90,232,195,29,36,21,8,1,6,15,1,0,25,55,.185,.304,.328,.633,73,64,3,9,2,1,0,657H/D4,smithjo11
320,Lenyn Sosa,6,2023,23,CHW,AL,52,173,164,12,33,21,6,0,6,14,0,1,5,40,.201,.224,.348,.571,53,57,3,0,3,1,1,45/H,sosale01
321,Trayce Thompson,6,2023,32,CHWLAD,ALNL,72,179,153,17,25,17,2,0,6,17,2,0,24,77,.163,.285,.294,.579,58,45,1,2,0,0,0,8H97/D,thomptr01
322,Brice Turang,6,2023,23,MIL,NL,137,448,404,46,88,70,9,3,6,34,26,4,38,94,.218,.285,.300,.585,62,121,9,1,3,2,1,*46H/D,turanbr02
323,Enmanuel Valdéz,6,2023,24,BOS,AL,49,149,139,17,37,23,8,0,6,19,5,1,8,37,.266,.311,.453,.764,103,63,4,1,0,0,0,4/H6D,valdeen01
324,Christian Vázquez,6,2023,32,MIN,AL,102,355,327,34,73,54,13,0,6,32,1,0,25,82,.223,.280,.318,.598,65,104,11,1,1,1,1,2/3H4D,vazquch01
325,Jesús Aguilar,5,2023,33,OAK,AL,36,115,104,8,23,16,2,0,5,9,0,0,8,31,.221,.281,.385,.665,89,40,3,1,0,1,2,3/DH,aguilje01
326,Miguel Amaya,5,2023,24,CHC,NL,53,156,131,17,28,19,4,0,5,18,0,0,12,40,.214,.329,.359,.688,86,47,2,11,1,1,0,2/DH,amayami01
327,Andrew Benintendi,5,2023,28,CHW,AL,151,621,562,72,147,106,34,2,5,45,13,2,52,89,.262,.326,.356,.682,87,200,12,3,1,3,5,*7/HD,beninan01
328,Will Brennan,5,2023,25,CLE,AL,138,455,432,41,115,86,24,0,5,41,13,5,16,57,.266,.299,.356,.655,83,154,4,5,0,2,2,*9H8/7D,brennwi02
329,Oswaldo Cabrera,5,2023,24,NYY,AL,115,330,298,35,63,47,11,0,5,29,8,0,25,72,.211,.275,.299,.574,58,89,6,2,3,2,1,795H/46D38,cabreos01
330,Willie Calhoun,5,2023,28,NYY,AL,44,149,134,16,32,20,7,0,5,16,0,0,14,20,.239,.309,.403,.712,94,54,2,0,0,1,1,D/9H7,calhowi01
331,Dylan Carlson,5,2023,24,STL,NL,76,255,219,27,48,34,8,1,5,27,3,0,26,49,.219,.318,.333,.651,79,73,4,7,0,3,0,89/H7D,carlsdy01
332,Matt Carpenter,5,2023,37,SDP,NL,76,237,188,18,33,16,12,0,5,31,1,0,41,67,.176,.322,.319,.641,81,60,2,2,0,5,0,DH3,carpema01
333,Evan Carter,5,2023,20,TEX,AL,23,75,62,15,19,9,4,1,5,12,3,0,12,24,.306,.413,.645,1.058,182,40,1,0,0,1,1,7/89H,carteev01
334,Jake Cave,5,2023,30,PHI,NL,65,203,184,18,39,25,8,1,5,21,3,0,15,55,.212,.272,.348,.620,69,64,3,1,1,2,0,739/H8D,caveja01
335,Óscar Colás,5,2023,24,CHW,AL,75,263,245,32,53,39,9,0,5,19,4,3,12,71,.216,.257,.314,.571,55,77,5,2,2,2,1,9/8HD,colasos01
336,Nelson Cruz,5,2023,42,SDP,NL,49,152,143,9,35,24,5,1,5,23,1,0,6,46,.245,.283,.399,.681,88,57,2,2,0,1,1,DH/3,cruzne02
337,Stuart Fairchild,5,2023,27,CIN,NL,97,255,219,34,50,27,16,2,5,28,10,3,25,69,.228,.321,.388,.710,90,85,2,6,3,2,0,798H/D,faircst01
338,Kyle Isbel,5,2023,26,KCR,AL,91,313,292,45,70,41,22,2,5,34,7,1,17,59,.240,.282,.380,.662,80,111,5,1,1,2,0,8/HD,isbelky01
339,Tony Kemp,5,2023,31,OAK,AL,124,419,359,42,75,54,13,3,5,27,15,4,44,40,.209,.303,.304,.607,76,109,9,6,7,3,0,74H/D,kempto01
340,Steven Kwan,5,2023,25,CLE,AL,158,718,638,93,171,123,36,7,5,54,21,3,70,75,.268,.340,.370,.710,100,236,9,3,1,6,2,*7/DH,kwanst01
341,Starling Marte,5,2023,34,NYM,NL,86,341,315,38,78,65,7,1,5,28,24,4,16,69,.248,.301,.324,.625,73,102,8,8,2,0,1,9/H8,martest01
342,Francisco Mejía,5,2023,27,TBR,AL,50,160,150,22,34,18,11,0,5,19,0,1,6,38,.227,.258,.400,.658,80,60,2,1,1,2,0,2/H,mejiafr01
343,Owen Miller,5,2023,26,MIL,NL,90,314,291,29,76,54,17,0,5,27,13,2,17,61,.261,.303,.371,.674,84,108,6,2,0,4,1,435H/7D9,milleow01
344,AJ Pollock,5,2023,35,SEASFG,ALNL,54,144,133,15,22,13,4,0,5,15,0,1,9,32,.165,.215,.308,.524,46,41,1,0,0,2,0,7DH/89,polloaj01
345,Miguel Rojas,5,2023,34,LAD,NL,124,423,385,49,91,69,16,1,5,31,8,3,26,48,.236,.290,.322,.612,66,124,12,5,2,5,0,*6H/1D45,rojasmi02
346,Esteury Ruiz,5,2023,24,OAK,AL,132,497,449,47,114,84,24,1,5,47,67,13,20,99,.254,.309,.345,.654,88,155,7,16,4,1,1,*87H9/D,ruizes01
347,Casey Schmitt,5,2023,24,SFG,NL,90,277,253,28,52,32,15,0,5,30,2,1,13,65,.206,.255,.324,.580,60,82,7,5,3,3,0,654H,schmica01
348,Austin Slater,5,2023,30,SFG,NL,89,207,185,24,50,36,9,0,5,20,2,2,20,58,.270,.348,.400,.748,107,74,2,2,0,0,0,H87/9D,slateau01
349,Kevin Smith,5,2023,26,OAK,AL,49,146,135,15,25,16,4,0,5,11,1,0,5,51,.185,.220,.326,.546,54,44,3,1,5,0,0,65/HD,smithke05
350,Donovan Solano,5,2023,35,MIN,AL,134,450,394,43,111,79,26,1,5,38,0,0,40,100,.282,.369,.391,.760,110,154,8,15,0,1,1,3H45D,solando01
351,David Villar,5,2023,26,SFG,NL,46,140,124,15,18,7,6,0,5,12,1,1,11,45,.145,.236,.315,.550,51,39,1,4,0,1,0,45/3HD1,villada01
352,Riley Adams,4,2023,27,WSN,NL,44,158,143,8,39,20,13,2,4,21,0,0,11,45,.273,.331,.476,.807,120,68,5,2,1,1,0,2/HD,adamsri03
353,Nick Allen,4,2023,24,OAK,AL,106,329,303,29,67,57,4,2,4,20,5,1,17,52,.221,.263,.287,.550,58,87,8,1,6,2,0,6/H4D,allenni02
354,Miguel Andújar,4,2023,28,PIT,NL,30,90,84,9,21,10,7,0,4,18,2,0,6,13,.250,.300,.476,.776,108,40,1,0,0,0,0,9/HD7,andujmi01
355,Sean Bouchard,4,2023,27,COL,NL,21,43,38,11,12,6,2,0,4,7,0,1,4,14,.316,.372,.684,1.056,165,26,0,0,0,1,0,9/H7D,bouchse01
356,Mike Brosseau,4,2023,29,MIL,NL,29,78,73,4,15,9,2,0,4,8,0,0,4,20,.205,.256,.397,.654,76,29,2,1,0,0,0,5/H31D4,brossmi01
357,Lawrence Butler,4,2023,22,OAK,AL,42,129,123,10,26,18,4,0,4,10,0,0,4,35,.211,.240,.341,.582,64,42,5,1,0,1,0,8/H9,butlela01
358,José Caballero,4,2023,26,SEA,AL,104,280,231,37,51,37,9,1,4,26,26,3,28,66,.221,.343,.320,.663,90,74,0,17,0,4,0,4H6/5D7,cabaljo01
359,Miguel Cabrera,4,2023,40,DET,AL,98,370,334,21,86,62,20,0,4,34,0,0,31,74,.257,.322,.353,.675,86,118,11,2,0,3,0,D/H3,cabremi01
360,Kody Clemens,4,2023,27,PHI,NL,47,148,139,15,32,21,7,0,4,13,0,0,8,40,.230,.277,.367,.644,75,51,1,1,0,0,0,3/H1D69,clemeko01
361,Aledmys Díaz,4,2023,32,OAK,AL,109,344,315,25,72,47,20,1,4,24,1,0,17,66,.229,.280,.337,.616,76,106,14,7,1,4,2,56H743/D,diazal02
362,Jasson Domínguez,4,2023,20,NYY,AL,8,33,31,6,8,3,1,0,4,7,1,0,2,8,.258,.303,.677,.980,158,21,1,0,0,0,0,/8,dominja01
363,Tyler Freeman,4,2023,24,CLE,AL,64,168,153,20,37,26,7,0,4,18,5,0,10,30,.242,.295,.366,.661,84,56,3,2,2,1,0,5H46D/37,freemty01
364,David Fry,4,2023,27,CLE,AL,57,113,101,12,24,14,6,0,4,15,2,0,8,30,.238,.319,.416,.734,104,42,3,4,0,0,0,23H/917D5,fryda01
365,Maikel García,4,2023,23,KCR,AL,123,515,464,59,126,98,20,4,4,50,23,7,38,115,.272,.323,.358,.681,88,166,9,2,1,10,0,56/D4H,garcima01
366,Yuli Gurriel,4,2023,39,MIA,NL,108,329,298,32,73,50,16,3,4,27,4,0,26,44,.245,.304,.359,.663,79,107,13,1,0,4,3,3H/D,gourryu01
367,Eric Haase,4,2023,30,CLEDET,AL,89,293,274,22,55,42,8,1,4,26,4,1,17,81,.201,.247,.281,.528,45,77,11,0,1,1,1,27H/D9,haaseer01
368,Carter Kieboom,4,2023,25,WSN,NL,27,94,87,12,18,12,2,0,4,11,0,0,6,27,.207,.266,.368,.634,74,32,2,1,0,0,0,5/HD,kieboca01
369,Trey Mancini,4,2023,31,CHC,NL,79,263,235,31,55,39,12,0,4,28,0,0,21,78,.234,.299,.336,.635,71,79,5,2,0,3,1,3DH/9,mancitr01
370,Manuel Margot,4,2023,28,TBR,AL,99,336,311,39,82,56,21,1,4,38,9,3,18,55,.264,.310,.376,.686,91,117,6,4,0,3,0,89H,margoma01
371,Rougned Odor,4,2023,29,SDP,NL,59,157,138,21,28,15,9,0,4,18,2,1,17,37,.203,.299,.355,.654,83,49,2,2,0,0,0,4H/59D3,odorro01
372,Blake Perkins,4,2023,26,MIL,NL,67,168,143,28,31,20,7,0,4,20,5,2,23,46,.217,.325,.350,.675,86,50,3,0,2,0,0,98H7/D,perkibl01
373,Emmanuel Rivera,4,2023,27,ARI,NL,86,283,257,32,67,50,13,0,4,29,1,0,22,56,.261,.314,.358,.672,84,92,9,0,0,4,0,5H3/D,riverem01
374,Brendan Rodgers,4,2023,26,COL,NL,46,192,178,21,46,32,9,1,4,20,0,0,11,41,.258,.313,.388,.700,80,69,6,3,0,0,0,4/DH,rodgebr02
375,Josh Rojas,4,2023,29,ARISEA,ALNL,105,350,314,47,77,56,17,0,4,40,12,0,27,81,.245,.303,.338,.641,78,106,3,1,2,4,0,45H/D17,rojasjo01
376,Michael Toglia,4,2023,24,COL,NL,45,152,141,18,23,14,5,0,4,9,1,1,10,50,.163,.224,.284,.507,30,40,3,1,0,0,0,39/H7D,toglimi01
377,Alan Trejo,4,2023,27,COL,NL,82,227,207,24,48,33,11,0,4,26,5,1,16,51,.232,.288,.343,.631,63,71,3,1,1,2,0,45H/61D,trejoal01
378,Jose Trevino,4,2023,30,NYY,AL,55,168,157,15,33,25,4,0,4,15,0,0,8,22,.210,.257,.312,.570,56,49,6,2,1,0,0,2/H,trevijo01
379,Ramón Urías,4,2023,29,BAL,AL,116,396,360,45,95,66,22,3,4,42,3,1,27,101,.264,.328,.375,.703,98,135,10,8,0,1,0,543H/D,uriasra01
380,Ildemaro Vargas,4,2023,31,WSN,NL,86,286,262,32,66,47,13,2,4,31,1,1,19,20,.252,.304,.363,.666,84,95,10,1,3,1,0,546H7/19,vargail01
381,Jared Walsh,4,2023,29,LAA,AL,39,116,104,10,13,5,4,0,4,11,0,0,11,45,.125,.216,.279,.494,33,29,1,1,0,0,0,3/9HD,walshja01
382,Austin Wells,4,2023,23,NYY,AL,19,75,70,8,16,6,6,0,4,13,0,0,3,14,.229,.257,.486,.742,97,34,3,0,0,1,0,2/H,wellsau01
383,Kolten Wong,4,2023,32,LADSEA,ALNL,87,250,224,25,41,31,6,0,4,27,3,2,18,53,.183,.256,.263,.519,47,59,1,5,0,3,0,4H/D,wongko01
384,Jo Adell,3,2023,24,LAA,AL,17,62,58,7,12,5,3,1,3,6,1,0,4,25,.207,.258,.448,.706,87,26,1,0,0,0,0,/987DH,adelljo01
385,Hanser Alberto,3,2023,30,CHW,AL,30,90,82,11,18,10,5,0,3,16,0,0,4,13,.220,.261,.390,.652,75,32,1,1,2,1,0,54/13H,alberha01
386,Jonathan Araúz,3,2023,24,NYM,NL,27,66,59,3,8,5,0,0,3,9,0,0,5,18,.136,.203,.288,.491,34,17,1,0,2,0,0,5/46H,arauzjo01
387,Christian Arroyo,3,2023,28,BOS,AL,66,206,195,23,47,28,16,0,3,24,1,3,7,45,.241,.268,.369,.638,70,72,8,1,1,2,0,4/H56,arroych01
388,Dairon Blanco,3,2023,30,KCR,AL,69,138,124,19,32,18,7,4,3,18,24,5,10,33,.258,.324,.452,.775,111,56,2,2,2,0,0,79H/8D,blancda02
389,Sal Frelick,3,2023,23,MIL,NL,57,223,191,29,47,34,9,1,3,24,7,0,28,37,.246,.341,.351,.692,91,67,2,1,0,3,0,98/H7D,frelisa01
390,Avisaíl García,3,2023,32,MIA,NL,37,118,108,8,20,13,3,1,3,12,2,0,6,39,.185,.241,.315,.556,50,34,1,2,0,0,1,97/HD8,garciav01
391,Romy González,3,2023,26,CHW,AL,44,97,93,11,18,9,4,2,3,14,7,0,2,36,.194,.208,.376,.585,55,35,0,0,1,1,0,4H/9D7658,gonzaro01
392,Garrett Hampson,3,2023,28,MIA,NL,98,252,221,30,61,45,12,1,3,23,5,0,23,67,.276,.349,.380,.729,98,84,3,3,3,2,0,689H47/5D,hampsga01
393,Sam Hilliard,3,2023,29,ATL,NL,40,78,72,15,17,9,5,0,3,6,4,0,6,33,.236,.295,.431,.725,92,31,1,0,0,0,0,8H/79D,hillisa01
394,Sam Huff,3,2023,25,TEX,AL,21,45,43,5,11,6,2,0,3,6,0,0,2,17,.256,.289,.512,.801,112,22,1,0,0,0,0,2/D3H,huffsa01
395,Tucupita Marcano,3,2023,23,PIT,NL,75,220,202,16,47,30,12,2,3,18,5,2,10,35,.233,.276,.356,.633,72,72,2,3,3,2,0,64H/5D,marcatu01
396,Cade Marlowe,3,2023,26,SEA,AL,34,100,88,14,21,13,3,2,3,11,4,2,12,33,.239,.330,.420,.750,111,37,1,0,0,0,0,7/H89D,marloca01
397,Noelvi Marté,3,2023,21,CIN,NL,35,123,114,15,36,26,7,0,3,15,6,2,8,25,.316,.366,.456,.822,120,52,1,1,0,0,0,5/6HD4,marteno01
398,Parker Meadows,3,2023,23,DET,AL,37,145,125,19,29,20,4,2,3,13,8,1,17,37,.232,.331,.368,.699,92,46,0,2,0,1,1,8/DH,meadopa01
399,Matt Mervis,3,2023,25,CHC,NL,27,99,90,8,15,10,2,0,3,11,0,0,8,32,.167,.242,.289,.531,43,26,1,1,0,0,0,3/H,mervima01
400,José Miranda,3,2023,25,MIN,AL,40,152,142,12,30,23,4,0,3,13,0,0,9,24,.211,.263,.303,.566,56,43,8,1,0,0,0,5/D3H,miranjo01
401,Garrett Mitchell,3,2023,24,MIL,NL,19,73,65,10,16,10,2,1,3,7,1,1,7,26,.246,.315,.446,.761,106,29,0,0,0,1,0,8/H,mitchga01
402,Andruw Monasterio,3,2023,26,MIL,NL,92,315,282,38,73,55,14,1,3,27,7,2,28,66,.259,.330,.348,.678,87,98,9,3,0,2,0,54/H6D,monasan01
403,Wil Myers,3,2023,32,CIN,NL,37,141,127,11,24,18,3,0,3,12,2,1,12,48,.189,.257,.283,.541,46,36,3,0,1,1,0,93/DH,myerswi01
404,Kevin Newman,3,2023,29,CIN,NL,74,253,225,28,57,38,16,0,3,28,8,1,17,34,.253,.311,.364,.675,81,82,7,4,2,5,0,564H/3D,newmake01
405,Brett Phillips,3,2023,29,LAA,AL,39,71,63,9,11,7,1,0,3,6,3,1,8,36,.175,.268,.333,.601,63,21,0,0,0,0,0,8H/971D,phillbr02
406,Alfonso Rivas,3,2023,26,PITSDP,NL,48,123,109,8,25,11,10,1,3,15,1,0,9,36,.229,.303,.422,.725,97,46,1,3,1,1,0,3/H7,rivasal01
407,Endy Rodríguez,3,2023,23,PIT,NL,57,204,186,27,41,29,7,2,3,13,0,0,17,49,.220,.284,.328,.612,67,61,3,0,0,1,0,2H/3D,rodrien01
408,Jean Segura,3,2023,33,MIA,NL,85,326,301,25,66,56,5,2,3,21,6,2,22,47,.219,.277,.279,.556,52,84,12,2,1,0,1,5/H,segurje01
409,Tyler Soderstrom,3,2023,21,OAK,AL,45,138,125,9,20,16,1,0,3,7,0,0,11,43,.160,.232,.240,.472,36,30,6,1,0,1,0,D23/H,soderty01
410,Jacob Stallings,3,2023,33,MIA,NL,88,276,241,22,46,29,14,0,3,20,0,0,27,67,.191,.278,.286,.565,54,69,9,3,3,2,0,2/1DH,stallja01
411,Trevor Story,3,2023,30,BOS,AL,43,168,158,12,32,20,9,0,3,14,10,3,9,55,.203,.250,.316,.566,52,50,2,1,0,0,0,6/DH4,storytr01
412,Raimel Tapia,3,2023,29,BOSMILTBR,ALNL,64,169,148,28,35,27,4,1,3,13,10,2,17,40,.236,.317,.338,.655,79,50,2,1,1,1,0,9H7/8D,tapiara01
413,Taylor Trammell,3,2023,25,SEA,AL,22,56,46,7,6,3,0,0,3,11,0,1,9,22,.130,.286,.326,.612,73,15,2,1,0,0,0,7/DH8,trammta01
414,Jared Triolo,3,2023,25,PIT,NL,54,209,181,30,54,42,9,0,3,21,6,1,24,63,.298,.388,.398,.785,116,72,0,3,0,1,0,54/3HD,triolja01
415,Luis Urías,3,2023,26,BOSMIL,ALNL,52,177,144,18,28,19,6,0,3,18,0,0,21,41,.194,.337,.299,.636,76,43,4,10,0,0,0,45/H,uriaslu01
416,Jason Vosler,3,2023,29,CIN,NL,20,65,62,6,10,4,2,1,3,10,0,0,3,25,.161,.200,.371,.571,49,23,0,0,0,0,0,3/51H,vosleja01
417,Jordan Westburg,3,2023,24,BAL,AL,68,228,208,26,54,32,17,2,3,23,4,1,16,56,.260,.311,.404,.715,100,84,3,1,0,3,0,45H/D,westbjo01
418,Mike Zunino,3,2023,32,CLE,AL,42,140,124,11,22,12,7,0,3,11,0,0,15,61,.177,.271,.306,.578,62,38,3,1,0,0,0,2,zuninmi01
419,Wilyer Abreu,2,2023,24,BOS,AL,28,85,76,10,24,16,6,0,2,14,3,1,9,23,.316,.388,.474,.862,132,36,0,0,0,0,0,78/H9D,abreuwi02
420,Nick Ahmed,2,2023,33,ARI,NL,72,210,198,14,42,29,10,1,2,17,5,1,12,52,.212,.257,.303,.560,53,60,0,0,0,0,0,6H/D,ahmedni01
421,Jake Alu,2,2023,26,WSN,NL,51,175,159,14,36,31,2,1,2,16,5,1,10,42,.226,.282,.289,.571,59,46,2,3,1,2,0,74/5H,aluja01
422,Jonathan Aranda,2,2023,25,TBR,AL,34,103,87,13,20,13,4,1,2,13,0,0,13,31,.230,.340,.368,.708,98,32,1,2,0,1,1,D3H/45,arandjo01
423,José Azocar,2,2023,27,SDP,NL,55,102,91,16,21,13,6,0,2,9,8,2,4,24,.231,.278,.363,.641,78,33,2,2,5,0,0,98H/7D,azocajo01
424,Ji Hwan Bae,2,2023,23,PIT,NL,111,371,334,54,77,56,17,2,2,32,24,9,30,92,.231,.296,.311,.608,67,104,4,2,3,2,0,48H/6,baeji01
425,Luken Baker,2,2023,26,STL,NL,33,99,86,9,18,13,3,0,2,10,0,0,13,31,.209,.313,.314,.627,73,27,1,0,0,0,0,D3/H,bakerlu01
426,Austin Barnes,2,2023,33,LAD,NL,59,200,178,15,32,25,5,0,2,11,2,1,17,43,.180,.256,.242,.498,36,43,7,2,1,2,0,2/H4D,barneau01
427,Matthew Batten,2,2023,28,SDP,NL,43,139,120,19,31,23,6,0,2,11,2,2,17,30,.258,.355,.358,.713,101,43,0,1,1,0,0,45/3H6D,battema01
428,Michael Brantley,2,2023,36,HOU,AL,15,57,54,7,15,11,2,0,2,7,0,0,2,2,.278,.298,.426,.724,98,23,2,0,0,1,0,7/DH,brantmi02
429,Michael Busch,2,2023,25,LAD,NL,27,81,72,9,12,7,3,0,2,7,1,0,8,27,.167,.247,.292,.539,45,21,0,0,0,1,0,5/D3H47,buschmi02
430,Michael Chavis,2,2023,27,WSN,NL,48,96,91,16,22,17,3,0,2,5,1,0,5,33,.242,.281,.341,.622,72,31,3,0,0,0,0,4H/35D79,chavimi01
431,Jonathan Davis,2,2023,31,MIA,NL,34,104,90,22,22,15,4,1,2,10,1,2,7,29,.244,.307,.378,.685,85,34,1,2,2,2,0,8/H97,davisjo05
432,Jonny DeLuca,2,2023,24,LAD,NL,24,45,42,5,11,8,1,0,2,6,1,0,3,8,.262,.311,.429,.740,97,18,0,0,0,0,0,H/789D,delucjo01
433,Corey Dickerson,2,2023,34,WSN,NL,50,152,144,12,36,26,7,1,2,17,0,1,7,28,.250,.283,.354,.637,76,51,3,0,0,1,0,7/HD9,dickeco01
434,Brandon Dixon,2,2023,31,SDP,NL,33,86,79,10,16,10,4,0,2,9,1,0,1,31,.203,.244,.329,.573,59,26,1,4,0,2,0,3/9HD71,dixonbr01
435,Hunter Dozier,2,2023,31,KCR,AL,29,91,82,8,15,10,2,1,2,9,2,0,8,29,.183,.253,.305,.558,53,25,0,0,0,1,0,5/397HD,doziehu01
436,Matt Duffy,2,2023,32,KCR,AL,78,209,191,17,48,38,8,0,2,16,1,0,12,39,.251,.306,.325,.631,75,62,4,4,0,2,0,54H3/D16,duffyma01
437,Drew Ellis,2,2023,27,PHI,NL,12,29,23,4,5,3,0,0,2,4,0,1,6,7,.217,.379,.478,.858,134,11,0,0,0,0,0,/35H,ellisdr01
438,Santiago Espinal,2,2023,28,TOR,AL,93,254,230,30,57,41,14,0,2,25,2,1,18,36,.248,.310,.335,.644,80,77,5,3,2,1,1,45H6/D,espinsa01
439,Tyler Fitzgerald,2,2023,25,SFG,NL,10,34,32,3,7,3,2,0,2,5,2,0,2,10,.219,.265,.469,.733,98,15,0,0,0,0,0,/85,fitzgty01
440,Dominic Fletcher,2,2023,25,ARI,NL,28,102,93,10,28,20,5,1,2,14,0,2,7,22,.301,.350,.441,.791,115,41,0,0,2,0,1,89/7H,fletcdo01
441,David Fletcher,2,2023,29,LAA,AL,33,97,89,7,22,19,1,0,2,12,0,0,7,9,.247,.302,.326,.628,72,29,2,0,1,0,1,64/5H,fletcda02
442,José Barrero,2,2023,25,CIN,NL,46,149,133,15,29,19,8,0,2,17,3,2,15,44,.218,.295,.323,.619,67,43,1,0,0,1,0,68/HD,garcijo02
443,Kyle Garlick,2,2023,31,MIN,AL,14,30,28,2,5,2,1,0,2,4,0,0,2,11,.179,.233,.429,.662,77,12,0,0,0,0,0,/9H7D,garliky01
444,Oscar González,2,2023,25,CLE,AL,54,180,173,15,37,26,7,2,2,12,0,0,5,46,.214,.239,.312,.551,53,54,2,1,0,1,0,9D/H7,gonzaos01
445,Nick Gonzales,2,2023,24,PIT,NL,35,128,115,12,24,13,8,1,2,13,0,1,6,36,.209,.268,.348,.616,67,40,0,4,1,2,0,4/6H,gonzani01
446,Nick Gordon,2,2023,27,MIN,AL,34,93,91,13,16,8,5,1,2,7,0,0,1,11,.176,.185,.319,.503,35,29,1,0,1,0,0,874H/6,gordoni01
447,Josh Harrison,2,2023,35,PHI,NL,40,114,103,8,21,16,3,0,2,10,0,0,3,20,.204,.263,.291,.554,53,30,2,6,0,2,0,5H4/719D,harrijo05
448,Eric Hosmer,2,2023,33,CHC,NL,31,100,94,7,22,17,3,0,2,14,0,0,6,25,.234,.280,.330,.610,64,31,5,0,0,0,0,3D/H,hosmeer01
449,Carson Kelly,2,2023,28,ARIDET,ALNL,50,151,136,13,28,21,5,0,2,13,1,0,14,40,.206,.278,.287,.565,56,39,2,0,0,1,0,2/1DH,kellyca02
450,Heston Kjerstad,2,2023,24,BAL,AL,13,33,30,3,7,4,1,0,2,3,0,0,2,10,.233,.281,.467,.748,106,14,0,0,0,0,0,/DH79,kjershe01
451,Jake Lamb,2,2023,32,LAA,AL,18,54,51,7,11,8,1,0,2,5,0,0,3,15,.216,.259,.353,.612,65,18,1,0,0,0,0,3/H1,lambja01
452,Tim Locastro,2,2023,30,NYM,NL,43,67,56,13,13,8,3,0,2,3,6,0,3,22,.232,.338,.393,.731,102,22,0,6,2,0,0,7H/8D9,locasti01
453,Jordan Luplow,2,2023,29,MINTOR,AL,39,90,77,11,16,11,3,0,2,5,2,0,12,27,.208,.322,.325,.647,80,25,1,1,0,0,1,7H/9D318,luplojo01
454,Nick Madrigal,2,2023,26,CHC,NL,92,294,270,34,71,52,16,1,2,28,10,2,10,24,.263,.311,.352,.663,79,95,3,9,5,0,0,5H4/D,madrini01
455,Jake Marisnick,2,2023,32,CHWDETLAD,ALNL,46,83,76,10,18,11,3,2,2,10,2,3,3,21,.237,.280,.408,.688,86,31,4,2,1,1,0,8/H9D,marisja01
456,Luis Matos,2,2023,21,SFG,NL,76,253,228,24,57,41,13,1,2,14,3,0,20,33,.250,.319,.342,.661,84,78,3,3,2,0,0,897/HD,matoslu02
457,Ronny Mauricio,2,2023,22,NYM,NL,26,108,101,11,25,19,4,0,2,9,7,0,7,31,.248,.296,.347,.643,77,35,2,0,0,0,0,4/56,mauriro01
458,Jake McCarthy,2,2023,25,ARI,NL,99,312,276,37,67,53,7,5,2,16,26,4,26,62,.243,.318,.326,.644,77,90,4,5,4,1,0,9H8/D,mccarja02
459,Ryan McKenna,2,2023,26,BAL,AL,88,139,122,23,31,22,7,0,2,18,5,0,9,40,.254,.316,.361,.677,91,44,4,3,3,2,0,98H7/1D,mckenry01
460,Omar Narváez,2,2023,31,NYM,NL,49,146,128,12,27,20,5,0,2,7,0,0,14,27,.211,.283,.297,.580,61,38,1,0,1,3,0,2/H,narvaom01
461,Tyler Nevin,2,2023,26,DET,AL,41,111,95,11,19,13,3,1,2,10,0,1,12,25,.200,.306,.316,.622,72,30,1,3,0,1,0,5HD/379,nevinty01
462,Cristian Pache,2,2023,24,PHI,NL,48,95,84,12,20,10,7,1,2,11,2,3,10,27,.238,.319,.417,.736,100,35,1,0,1,0,0,78H/9D,pachecr01
463,Oswald Peraza,2,2023,23,NYY,AL,52,191,173,15,33,23,8,0,2,14,4,3,13,50,.191,.267,.272,.539,49,47,1,5,0,0,0,54/6HD,perazos02
464,Ceddanne Rafaela,2,2023,22,BOS,AL,28,89,83,11,20,12,6,0,2,5,3,1,4,28,.241,.281,.386,.666,78,32,2,1,0,1,0,8/H64D,rafaece01
465,Anthony Rendon,2,2023,33,LAA,AL,43,183,148,23,35,27,6,0,2,22,2,0,25,27,.236,.361,.318,.678,88,47,6,6,0,4,0,5,rendoan01
466,Franmil Reyes,2,2023,27,KCR,AL,19,65,59,5,11,9,0,0,2,7,0,0,4,24,.186,.231,.288,.519,42,17,3,0,0,2,0,D/7H9,reyesfr01
467,Pablo Reyes,2,2023,29,BOS,AL,64,185,167,27,48,37,9,0,2,20,7,2,14,21,.287,.339,.377,.716,94,63,3,0,2,2,0,64H/513D,reyespa01
468,Johan Rojas,2,2023,22,PHI,NL,59,164,149,24,45,32,9,2,2,23,14,1,5,42,.302,.342,.430,.771,111,64,1,4,6,0,0,8H/D,rojasjo03
469,Ben Rortvedt,2,2023,25,NYY,AL,32,79,68,6,8,5,1,0,2,4,0,0,11,19,.118,.241,.221,.461,28,15,1,0,0,0,0,2/HD,rortvbe01
470,Eguy Rosario,2,2023,23,SDP,NL,11,37,36,6,9,5,1,1,2,6,0,0,1,12,.250,.270,.500,.770,109,18,1,0,0,0,0,5/H4,rosareg01
471,Jon Singleton,2,2023,31,HOUMIL,ALNL,36,105,91,11,15,10,3,0,2,12,0,0,13,23,.165,.267,.264,.530,48,24,2,0,0,1,0,3H/D,singljo02
472,Abraham Toro,2,2023,26,MIL,NL,9,21,18,4,8,6,0,0,2,9,0,0,2,5,.444,.524,.778,1.302,252,14,0,1,0,0,0,/5H3D,toroab01
473,Gio Urshela,2,2023,31,LAA,AL,62,228,214,22,64,53,8,1,2,24,3,2,10,36,.299,.329,.374,.703,91,80,9,1,0,3,0,53/6H4,urshegi01
474,Andrew Velazquez,2,2023,28,LAA,AL,54,94,81,12,14,9,3,0,2,3,13,3,10,30,.173,.264,.284,.548,50,23,1,0,3,0,0,6H4/8,velazan01
475,Joey Wendle,2,2023,33,MIA,NL,112,318,297,33,63,42,16,3,2,20,7,1,13,67,.212,.248,.306,.554,50,91,8,2,3,3,0,6/H,wendljo01
476,Masyn Winn,2,2023,21,STL,NL,37,137,122,8,21,17,2,0,2,12,2,1,10,26,.172,.230,.238,.467,29,29,1,0,2,3,0,6,winnma01
477,Brett Wisely,2,2023,24,SFG,NL,51,131,120,10,21,14,5,0,2,8,2,1,9,40,.175,.231,.267,.497,38,32,2,0,1,1,0,48/H167,wiselbr01
478,Juan Yepez,2,2023,25,STL,NL,28,65,60,5,11,8,1,0,2,2,0,1,4,20,.183,.246,.300,.546,49,18,0,1,0,0,0,DH/79,yepezju01
479,Jared Young,2,2023,27,CHC,NL,16,47,43,8,8,3,0,3,2,8,2,0,3,13,.186,.255,.465,.720,88,20,1,1,0,0,0,3/DH,youngja02
480,Jorge Alfaro,1,2023,30,BOSCOL,ALNL,18,52,48,2,7,2,4,0,1,4,0,0,2,15,.146,.212,.292,.503,31,14,3,2,0,0,0,/D2H,alfarjo01
481,Greg Allen,1,2023,30,NYY,AL,22,28,23,6,5,2,1,1,1,1,3,1,2,10,.217,.333,.478,.812,119,11,0,2,1,0,0,7H/98D,allengr01
482,Tim Anderson,1,2023,30,CHW,AL,123,524,493,52,121,100,18,2,1,25,13,2,26,122,.245,.286,.296,.582,60,146,15,3,0,2,0,*6/H4,anderti01
483,Tucker Barnhart,1,2023,32,CHC,NL,43,123,109,6,22,18,3,0,1,9,1,0,12,42,.202,.285,.257,.541,48,28,4,1,0,1,0,2/1H,barnhtu01
484,Osleivis Basabe,1,2023,22,TBR,AL,31,94,87,15,19,13,5,0,1,12,0,1,6,25,.218,.277,.310,.587,64,27,2,1,0,0,0,6/5H497,basabos01
485,Travis Blankenhorn,1,2023,26,WSN,NL,10,37,31,2,5,4,0,0,1,1,0,0,6,6,.161,.297,.258,.555,57,8,0,0,0,0,0,/79,blanktr01
486,Jackie Bradley Jr.,1,2023,33,KCR,AL,43,113,105,10,14,8,5,0,1,6,0,0,5,29,.133,.188,.210,.397,10,22,3,2,1,0,0,89/7H,bradlja02
487,Peyton Burdick,1,2023,26,MIA,NL,14,37,33,4,6,3,2,0,1,2,1,0,3,18,.182,.270,.333,.604,63,11,0,1,0,0,0,9/8H7,burdipe01
488,Trey Cabbage,1,2023,26,LAA,AL,22,56,53,5,11,7,3,0,1,7,1,1,2,26,.208,.232,.321,.553,49,17,1,0,0,1,0,/39H78,cabbatr01
489,Junior Caminero,1,2023,19,TBR,AL,7,36,34,4,8,6,1,0,1,7,0,0,2,8,.235,.278,.353,.631,75,12,2,0,0,0,0,/56D4,caminju01
490,Alexander Canario,1,2023,23,CHC,NL,6,17,17,1,5,2,1,1,1,6,0,0,0,8,.294,.294,.647,.941,143,11,0,0,0,0,0,/DH789,canaral01
491,Harold Castro,1,2023,29,COL,NL,99,270,258,24,65,51,13,0,1,31,1,0,9,66,.252,.275,.314,.589,52,81,5,0,1,2,0,4H8/769D15,castrha01
492,Ernie Clement,1,2023,27,TOR,AL,29,52,50,7,19,16,1,1,1,10,1,0,1,4,.380,.385,.500,.885,144,25,0,0,0,1,0,6H/45D1,clemeer01
493,Oneil Cruz,1,2023,24,PIT,NL,9,40,32,7,8,6,1,0,1,4,3,0,7,8,.250,.375,.375,.750,107,12,0,0,0,1,0,/6,cruzon01
494,David Dahl,1,2023,29,SDP,NL,4,9,9,1,1,0,0,0,1,1,0,0,0,2,.111,.111,.444,.556,45,4,0,0,0,0,0,/9H,dahlda01
495,Bobby Dalbec,1,2023,28,BOS,AL,21,53,49,6,10,7,2,0,1,1,1,0,4,28,.204,.264,.306,.570,54,15,0,0,0,0,0,3/H5D46,dalbebo01
496,Jason Delay,1,2023,28,PIT,NL,70,187,167,20,42,29,11,1,1,18,0,0,14,44,.251,.319,.347,.666,83,58,5,3,2,1,0,2/H,delayja01
497,Hunter Goodman,1,2023,23,COL,NL,23,77,70,6,14,6,4,3,1,17,1,0,5,24,.200,.247,.386,.632,60,27,2,0,0,2,0,9/3DH,goodmhu01
498,Tristan Gray,1,2023,27,TBR,AL,2,5,5,1,2,1,0,0,1,1,0,0,0,0,.400,.400,1.000,1.400,272,5,0,0,0,0,0,/36,graytr01
499,Luis Guillorme,1,2023,28,NYM,NL,54,120,107,12,24,16,6,1,1,9,0,0,10,28,.224,.288,.327,.615,70,35,4,0,2,1,1,45/6H1,guilllu01
500,Sam Haggerty,1,2023,29,SEA,AL,52,108,91,13,23,18,3,1,1,5,10,1,15,17,.253,.364,.341,.705,102,31,0,1,1,0,0,H7D4/389,haggesa01
501,Darick Hall,1,2023,27,PHI,NL,18,56,54,2,9,7,1,0,1,3,0,0,2,18,.167,.196,.241,.437,20,13,2,0,0,0,0,3/H,hallda02
502,Austin Hedges,1,2023,30,PITTEX,ALNL,81,212,185,14,34,28,5,0,1,16,1,0,11,47,.184,.234,.227,.461,27,42,7,2,10,3,0,2/1DH,hedgeau01
503,David Hensley,1,2023,27,HOU,AL,30,94,84,12,10,8,1,0,1,3,1,0,10,35,.119,.213,.167,.379,8,14,0,0,0,0,0,D/4H375,henslda01
504,Spencer Horwitz,1,2023,25,TOR,AL,15,44,39,5,10,7,2,0,1,7,0,0,4,12,.256,.341,.385,.726,102,15,1,1,0,0,0,/D3H,horwisp01
505,Travis Jankowski,1,2023,32,TEX,AL,107,287,247,34,65,51,12,1,1,30,19,1,35,42,.263,.357,.332,.689,90,82,6,2,1,2,0,7H98/D,jankotr01
506,Bryce Johnson,1,2023,27,SFG,NL,30,48,43,7,7,5,1,0,1,3,3,0,4,15,.163,.229,.256,.485,35,11,0,0,0,1,0,8/H7,johnsbr03
507,Grae Kessinger,1,2023,25,HOU,AL,26,45,40,3,8,5,2,0,1,1,0,1,5,12,.200,.289,.325,.614,70,13,0,0,0,0,0,/H5643,kessigr01
508,Korey Lee,1,2023,24,CHW,AL,24,70,65,4,5,3,1,0,1,3,0,0,5,20,.077,.143,.138,.281,-22,9,0,0,0,0,0,2/DH,leeko01
509,Kyle Lewis,1,2023,27,ARI,NL,16,54,51,2,8,5,2,0,1,2,0,0,3,21,.157,.204,.255,.459,25,13,0,0,0,0,0,D/H7,lewisky01
510,Andre Lipcius,1,2023,25,DET,AL,13,38,35,3,10,8,1,0,1,4,0,0,3,8,.286,.342,.400,.742,103,14,1,0,0,0,0,5/HD,lipcian01
511,Nicky Lopez,1,2023,28,ATLKCR,ALNL,93,262,225,32,52,40,8,3,1,25,6,2,26,40,.231,.326,.307,.632,75,69,3,6,4,1,0,456H/317D,lopezni01
512,J.P. Martínez,1,2023,27,TEX,AL,17,44,40,7,9,7,1,0,1,4,0,0,2,16,.225,.250,.325,.575,55,13,0,0,0,2,0,/H79D8,martijp01
513,Miles Mastrobuoni,1,2023,27,CHC,NL,60,149,133,24,32,26,5,0,1,5,13,1,13,32,.241,.308,.301,.609,65,40,1,0,3,0,0,5H/49D617,mastrmi01
514,Reese McGuire,1,2023,28,BOS,AL,72,206,187,15,50,36,12,1,1,16,2,1,11,53,.267,.310,.358,.668,80,67,2,1,2,1,0,2H/D,mcguire01
515,Curtis Mead,1,2023,22,TBR,AL,24,92,83,12,21,16,3,1,1,5,0,0,7,21,.253,.326,.349,.675,89,29,3,2,0,0,0,5/46DH,meadcu01
516,Danny Mendick,1,2023,29,NYM,NL,33,69,65,4,12,8,3,0,1,4,1,0,4,15,.185,.232,.277,.509,40,18,1,0,0,0,0,4/5H7D1,mendida01
517,Drew Millas,1,2023,25,WSN,NL,11,33,28,1,8,5,2,0,1,6,0,0,4,5,.286,.375,.464,.839,131,13,2,0,1,0,0,2/H,milladr01
518,Brad Miller,1,2023,33,TEX,AL,27,67,56,8,12,7,4,0,1,6,0,0,10,11,.214,.328,.339,.668,83,19,1,0,0,1,0,D/H315,millebr02
519,Coco Montes,1,2023,26,COL,NL,18,41,38,3,7,4,2,0,1,3,0,0,2,12,.184,.244,.316,.560,44,12,0,1,0,0,0,4/5H6,monteco01
520,Dane Myers,1,2023,27,MIA,NL,22,70,67,9,18,14,3,0,1,9,1,1,2,19,.269,.286,.358,.644,74,24,1,0,0,1,0,8/7DH,myersda01
521,Austin Nola,1,2023,33,SDP,NL,52,154,130,9,19,15,3,0,1,8,0,0,18,31,.146,.260,.192,.452,30,25,5,2,4,0,0,2/H,nolaau01
522,Rafael Ortega,1,2023,32,NYM,NL,47,136,114,16,25,21,3,0,1,8,6,1,20,33,.219,.341,.272,.613,73,31,0,1,1,0,0,87/H9D,ortegra01
523,Carlos Pérez,1,2023,26,CHW,AL,27,53,49,5,10,5,4,0,1,3,0,0,4,11,.204,.264,.347,.611,65,17,2,0,0,0,0,2H/D,perezca03
524,Manny Piña,1,2023,36,OAK,AL,4,12,12,1,3,2,0,0,1,1,0,0,0,3,.250,.250,.500,.750,108,6,1,0,0,0,0,/2D,pinama01
525,Logan Porter,1,2023,27,KCR,AL,11,38,31,4,6,4,1,0,1,3,0,0,5,11,.194,.324,.323,.647,80,10,2,1,1,0,0,2,portelo01
526,Heliot Ramos,1,2023,23,SFG,NL,25,60,56,5,10,5,4,0,1,2,0,0,4,20,.179,.233,.304,.537,48,17,1,0,0,0,0,79/H8D,ramoshe02
527,Rob Refsnyder,1,2023,32,BOS,AL,89,243,202,31,50,39,9,1,1,28,7,2,33,47,.248,.365,.317,.682,87,64,8,5,1,1,0,7H8/D9,refsnro01
528,Zach Remillard,1,2023,29,CHW,AL,54,160,147,16,37,29,7,0,1,18,4,3,8,48,.252,.295,.320,.615,69,47,3,1,4,0,1,4/H5976D,remilza01
529,Edwin Ríos,1,2023,29,CHC,NL,18,34,28,3,2,0,1,0,1,2,0,0,5,16,.071,.235,.214,.450,23,6,0,1,0,0,0,D/H5,riosed01
530,Nolan Schanuel,1,2023,21,LAA,AL,29,132,109,19,30,26,3,0,1,6,0,0,20,19,.275,.402,.330,.732,103,36,1,3,0,0,1,3/DH,schanno01
531,Myles Straw,1,2023,28,CLE,AL,147,518,462,52,110,88,18,3,1,29,20,6,42,97,.238,.301,.297,.597,69,137,10,2,6,6,0,*8/H,strawmy01
532,Garrett Stubbs,1,2023,30,PHI,NL,41,125,113,15,23,17,4,1,1,12,2,0,9,29,.204,.274,.283,.557,54,32,0,2,1,0,0,2/H7,stubbga01
533,Brett Sullivan,1,2023,29,SDP,NL,33,86,81,7,17,13,3,0,1,6,0,0,4,19,.210,.244,.284,.528,48,23,1,0,0,1,0,2/H5,sullibr01
534,Cody Thomas,1,2023,28,OAK,AL,19,46,42,1,10,6,3,0,1,2,0,0,4,17,.238,.304,.381,.685,95,16,1,0,0,0,0,9/HD7,thomaco01
535,Forrest Wall,1,2023,27,ATL,NL,15,15,13,6,6,3,2,0,1,2,5,1,2,4,.462,.533,.846,1.379,264,11,0,0,0,0,0,/H7D89,wallfo01
536,Weston Wilson,1,2023,28,PHI,NL,8,22,16,5,5,4,0,0,1,2,3,1,6,5,.313,.500,.500,1.000,177,8,0,0,0,0,0,/7H3459,wilsowe01
537,Jesse Winker,1,2023,29,MIL,NL,61,197,166,16,33,27,5,0,1,23,0,0,26,51,.199,.320,.247,.567,60,41,0,4,0,1,0,DH/97,winkeje01
538,Austin Wynns,1,2023,32,COLLADSFG,NL,51,145,130,11,27,20,6,0,1,10,1,0,9,39,.208,.268,.277,.545,42,36,4,2,3,1,0,2/H,wynnsau01
539,Jordyn Adams,0,2023,23,LAA,AL,17,40,39,1,5,5,0,0,0,1,1,2,0,16,.128,.125,.128,.253,-31,5,0,0,0,1,0,/98H7,adamsjo03
540,Ty Adcock,0,2023,26,SEA,AL,1,0,0,0,0,0,0,0,0,0,0,0,0,0,,,,,,0,0,0,0,0,0,1,adcocty01
541,Ehire Adrianza,0,2023,33,ATL,NL,5,11,10,0,0,0,0,0,0,0,0,0,1,4,.000,.091,.000,.091,-72,0,0,0,0,0,0,/6H,adriaeh01
542,Scott Alexander,0,2023,33,SFG,NL,1,0,0,0,0,0,0,0,0,0,0,0,0,0,,,,,,0,0,0,0,0,0,1,alexasc02
543,Abraham Almonte,0,2023,34,NYM,NL,8,16,15,1,1,0,1,0,0,0,0,0,1,8,.067,.125,.133,.258,-28,2,0,0,0,0,0,/HD79,almonab01
544,Jacob Amaya,0,2023,24,MIA,NL,4,9,9,1,2,2,0,0,0,2,1,0,0,1,.222,.222,.222,.444,22,2,0,0,0,0,0,/64,amayaja01
545,Bryan Baker,0,2023,28,BAL,AL,2,0,0,0,0,0,0,0,0,0,0,0,0,0,,,,,,0,0,0,0,0,0,1,bakerbr01
546,Rylan Bannon,0,2023,27,HOU,AL,2,6,6,0,0,0,0,0,0,0,0,0,0,3,.000,.000,.000,.000,-100,0,0,0,0,0,0,/4D,bannory01
547,Scott Barlow,0,2023,30,KCRSDP,ALNL,1,0,0,0,0,0,0,0,0,0,0,0,0,0,,,,,,0,0,0,0,0,0,1,barlosc01
548,Tres Barrera,0,2023,28,STL,NL,6,2,2,0,0,0,0,0,0,0,0,0,0,0,.000,.000,.000,.000,-100,0,0,0,0,0,0,/2H,barretr01
549,Joey Bart,0,2023,26,SFG,NL,30,95,87,9,18,13,5,0,0,5,0,0,3,23,.207,.263,.264,.528,47,23,0,4,0,1,0,2/H,bartjo01
550,Mike Baumann,0,2023,27,BAL,AL,1,0,0,0,0,0,0,0,0,0,0,0,0,0,,,,,,0,0,0,0,0,0,1,baumami01
551,Matt Beaty,0,2023,30,KCRSFG,ALNL,30,72,61,8,14,10,4,0,0,4,0,0,6,14,.230,.347,.295,.642,80,18,1,5,0,0,0,3H/D91,beatyma01
552,Anthony Bemboom,0,2023,33,BAL,AL,6,13,11,0,2,2,0,0,0,0,0,0,2,2,.182,.308,.182,.490,44,2,0,0,0,0,0,/2,bemboan01
553,José Berríos,0,2023,29,TOR,AL,1,0,0,0,0,0,0,0,0,0,0,0,0,0,,,,,,0,0,0,0,0,0,1,berrijo01
554,Matt Brash,0,2023,25,SEA,AL,1,0,0,0,0,0,0,0,0,0,0,0,0,0,,,,,,0,0,0,0,0,0,1,brashma01
555,Ryan Brasier,0,2023,35,BOSLAD,ALNL,1,0,0,0,0,0,0,0,0,0,0,0,0,0,,,,,,0,0,0,0,0,0,1,brasiry01
556,Jonah Bride,0,2023,27,OAK,AL,40,106,88,9,15,12,3,0,0,7,0,1,11,22,.170,.286,.205,.490,45,18,3,4,1,2,0,5/HD3,bridejo01
557,Vidal Bruján,0,2023,25,TBR,AL,37,84,76,14,13,11,2,0,0,6,3,2,5,21,.171,.241,.197,.438,25,15,1,2,1,0,0,4H/695,brujavi01
558,J.B. Bukauskas,0,2023,26,MILSEA,ALNL,1,0,0,0,0,0,0,0,0,0,0,0,0,0,,,,,,0,0,0,0,0,0,/1,bukaujb01
559,Aaron Bummer,0,2023,29,CHW,AL,1,0,0,0,0,0,0,0,0,0,0,0,0,0,,,,,,0,0,0,0,0,0,1,bummeaa01
560,Génesis Cabrera,0,2023,26,STLTOR,ALNL,2,0,0,0,0,0,0,0,0,0,0,0,0,0,,,,,,0,0,0,0,0,0,1,cabrege01
561,Johan Camargo,0,2023,29,SFG,NL,8,20,18,0,4,4,0,0,0,2,0,0,1,4,.222,.300,.222,.522,49,4,2,1,0,0,0,/65,camarjo01
562,Yennier Cano,0,2023,29,BAL,AL,3,0,0,0,0,0,0,0,0,0,0,0,0,0,,,,,,0,0,0,0,0,0,1,canoye01
563,Conner Capel,0,2023,26,OAK,AL,32,86,73,6,19,14,5,0,0,3,5,3,12,25,.260,.372,.329,.701,104,24,1,1,0,0,0,97/HD,capelco01
564,Vinny Capra,0,2023,26,PIT,NL,9,21,18,3,3,2,1,0,0,1,0,0,2,5,.167,.250,.222,.472,31,4,0,0,1,0,0,/54H,capravi01
565,Curt Casali,0,2023,34,CIN,NL,40,96,80,8,14,12,2,0,0,6,0,0,11,23,.175,.290,.200,.490,36,16,1,2,3,0,0,2/35,casalcu01
566,Diego Castillo,0,2023,25,ARI,NL,1,1,1,0,0,0,0,0,0,0,0,0,0,0,.000,.000,.000,.000,-100,0,0,0,0,0,0,/H,castidi02
567,Miguel Castro,0,2023,28,ARI,NL,2,0,0,0,0,0,0,0,0,0,0,0,0,0,,,,,,0,0,0,0,0,0,1,castrmi01
568,Andrew Chafin,0,2023,33,ARIMIL,NL,3,0,0,0,0,0,0,0,0,0,0,0,0,0,,,,,,0,0,0,0,0,0,1,chafian01
569,Aroldis Chapman,0,2023,35,KCRTEX,AL,1,0,0,0,0,0,0,0,0,0,0,0,0,0,,,,,,0,0,0,0,0,0,1,chapmar01
570,Taylor Clarke,0,2023,30,KCR,AL,1,0,0,0,0,0,0,0,0,0,0,0,0,0,,,,,,0,0,0,0,0,0,1,clarkta01
571,Dylan Coleman,0,2023,26,KCR,AL,2,0,0,0,0,0,0,0,0,0,0,0,0,0,,,,,,0,0,0,0,0,0,1,colemdy01
572,Zack Collins,0,2023,28,CLE,AL,2,6,4,0,2,2,0,0,0,0,0,0,2,2,.500,.667,.500,1.167,236,2,0,0,0,0,0,/2,colliza01
573,Danny Coulombe,0,2023,33,BAL,AL,2,0,0,0,0,0,0,0,0,0,0,0,0,0,,,,,,0,0,0,0,0,0,1,couloda01
574,Colton Cowser,0,2023,23,BAL,AL,26,77,61,15,7,5,2,0,0,4,1,0,13,22,.115,.286,.148,.433,28,9,1,2,0,1,0,98/7H,cowseco01
575,Austin Cox,0,2023,26,KCR,AL,1,0,0,0,0,0,0,0,0,0,0,0,0,0,,,,,,0,0,0,0,0,0,1,coxau01
576,Kutter Crawford,0,2023,27,BOS,AL,1,0,0,1,0,0,0,0,0,0,0,0,0,0,,,,,,0,0,0,0,0,0,1/H,crawfku01
577,Tyler Cropley,0,2023,27,KCR,AL,2,7,6,0,1,1,0,0,0,1,0,0,0,2,.167,.143,.167,.310,-15,1,0,0,0,1,0,/2,croplty01
578,Pete Crow-Armstrong,0,2023,21,CHC,NL,13,19,14,3,0,0,0,0,0,1,2,2,3,7,.000,.176,.000,.176,-46,0,0,0,2,0,0,8/H,crowape01
579,Charlie Culberson,0,2023,34,ATL,NL,1,1,1,0,1,1,0,0,0,0,0,0,0,0,1.000,1.000,1.000,2.000,443,1,0,0,0,0,0,/DH,culbech01
580,Yonathan Daza,0,2023,29,COL,NL,24,80,74,8,20,14,6,0,0,7,1,0,3,13,.270,.304,.351,.655,69,26,5,1,1,1,0,8/H9,dazayo01
581,Isan Díaz,0,2023,27,DETSFG,ALNL,8,26,24,0,1,1,0,0,0,1,0,0,2,9,.042,.115,.042,.157,-54,1,0,0,0,0,0,/45H,diazis01
582,Alexis Díaz,0,2023,26,CIN,NL,3,0,0,0,0,0,0,0,0,0,0,0,0,0,,,,,,0,0,0,0,0,0,1,diazal03
583,Camilo Doval,0,2023,25,SFG,NL,2,0,0,0,0,0,0,0,0,0,0,0,0,0,,,,,,0,0,0,0,0,0,1,dovalca01
584,Jeter Downs,0,2023,24,WSN,NL,6,9,5,4,2,2,0,0,0,1,2,0,4,1,.400,.667,.400,1.067,207,2,0,0,0,0,0,/64H,downsje01
585,Daniel Duarte,0,2023,26,CIN,NL,2,0,0,0,0,0,0,0,0,0,0,0,0,0,,,,,,0,0,0,0,0,0,1,duartda01
586,Nate Eaton,0,2023,26,KCR,AL,28,56,53,2,4,4,0,0,0,1,3,0,2,21,.075,.125,.075,.200,-42,4,0,1,0,0,0,7/H89D15,eatonna01
587,Cam Eden,0,2023,25,TOR,AL,5,6,6,1,1,1,0,0,0,0,0,0,0,2,.167,.167,.167,.333,-7,1,0,0,0,0,0,/H7D,edenca01
588,Xavier Edwards,0,2023,23,MIA,NL,30,84,78,12,23,20,3,0,0,3,5,0,3,14,.295,.329,.333,.663,81,26,1,1,2,0,0,4/H8D,edwarxa01
589,Adam Engel,0,2023,31,SDP,NL,5,6,6,0,0,0,0,0,0,0,0,1,0,2,.000,.000,.000,.000,-100,0,0,0,0,0,0,/8H7,engelad01
590,Buck Farmer,0,2023,32,CIN,NL,1,0,0,0,0,0,0,0,0,0,0,0,0,0,,,,,,0,0,0,0,0,0,1,farmebu01
591,Caleb Ferguson,0,2023,26,LAD,NL,2,0,0,0,0,0,0,0,0,0,0,0,0,0,,,,,,0,0,0,0,0,0,1,ferguca01
592,José Fermín,0,2023,24,STL,NL,21,61,51,2,12,11,1,0,0,4,0,1,6,8,.235,.339,.255,.594,67,13,1,2,2,0,0,4/5HD,fermijo01
593,Estevan Florial,0,2023,25,NYY,AL,19,71,61,5,14,10,3,1,0,8,3,0,7,20,.230,.324,.311,.635,76,19,0,2,0,1,0,8/H,flories01
594,Clint Frazier,0,2023,28,CHW,AL,33,76,66,10,13,11,1,1,0,3,4,2,10,23,.197,.303,.242,.545,52,16,0,0,0,0,0,9H/78,frazicl01
595,Luis Frías,0,2023,25,ARI,NL,1,0,0,0,0,0,0,0,0,0,0,0,0,0,,,,,,0,0,0,0,0,0,1,friaslu01
596,Shintaro Fujinami,0,2023,29,BALOAK,AL,1,0,0,0,0,0,0,0,0,0,0,0,0,0,,,,,,0,0,0,0,0,0,1,fujinsh01
597,Michael Fulmer,0,2023,30,CHC,NL,2,1,1,0,0,0,0,0,0,0,0,0,0,1,.000,.000,.000,.000,-100,0,0,0,0,0,0,1,fulmemi01
598,Cam Gallagher,0,2023,30,CLE,AL,56,149,143,6,18,12,6,0,0,7,0,0,4,46,.126,.154,.168,.322,-9,24,3,1,0,1,0,2,gallaca01
599,Ben Gamel,0,2023,31,SDP,NL,6,15,15,2,3,2,1,0,0,2,0,0,0,2,.200,.200,.267,.467,29,4,0,0,0,0,0,/7H9D,gamelbe01
600,Ian Gibaut,0,2023,29,CIN,NL,1,0,0,0,0,0,0,0,0,0,0,0,0,0,,,,,,0,0,0,0,0,0,1,gibauia01
601,Kyle Gibson,0,2023,35,BAL,AL,1,0,0,0,0,0,0,0,0,0,0,0,0,0,,,,,,0,0,0,0,0,0,1,gibsoky01
602,Logan Gillaspie,0,2023,26,BAL,AL,1,0,0,0,0,0,0,0,0,0,0,0,0,0,,,,,,0,0,0,0,0,0,1,gillalo01
603,Kevin Ginkel,0,2023,29,ARI,NL,1,0,0,0,0,0,0,0,0,0,0,0,0,0,,,,,,0,0,0,0,0,0,1,ginkeke01
604,Victor González,0,2023,27,LAD,NL,2,0,0,0,0,0,0,0,0,0,0,0,0,0,,,,,,0,0,0,0,0,0,1,gonzavi02
605,Brusdar Graterol,0,2023,24,LAD,NL,1,0,0,0,0,0,0,0,0,0,0,0,0,0,,,,,,0,0,0,0,0,0,1,gratebr01
606,Kendall Graveman,0,2023,32,CHWHOU,AL,1,0,0,0,0,0,0,0,0,0,0,0,0,0,,,,,,0,0,0,0,0,0,1,graveke01
607,Jon Gray,0,2023,31,TEX,AL,1,0,0,0,0,0,0,0,0,0,0,0,0,0,,,,,,0,0,0,0,0,0,1,grayjo02
608,Zack Greinke,0,2023,39,KCR,AL,1,0,0,0,0,0,0,0,0,0,0,0,0,0,,,,,,0,0,0,0,0,0,1,greinza01
609,Vaughn Grissom,0,2023,22,ATL,NL,23,80,75,5,21,17,3,1,0,9,0,1,2,15,.280,.313,.347,.659,78,26,2,2,0,1,0,6/4H,grissva01
610,Dalton Guthrie,0,2023,27,PHI,NL,23,28,24,4,4,3,1,0,0,0,0,0,3,7,.167,.286,.208,.494,40,5,0,1,0,0,0,7/8H95,guthrda01
611,Josh Hader,0,2023,29,SDP,NL,1,0,0,0,0,0,0,0,0,0,0,0,0,0,,,,,,0,0,0,0,0,0,1,haderjo01
612,DL Hall,0,2023,24,BAL,AL,1,0,0,0,0,0,0,0,0,0,0,0,0,0,,,,,,0,0,0,0,0,0,1,halldl01
613,Caleb Hamilton,0,2023,28,BOS,AL,4,6,5,0,0,0,0,0,0,0,0,0,1,5,.000,.167,.000,.167,-49,0,0,0,0,0,0,/2,hamilca01
614,Billy Hamilton,0,2023,32,CHW,AL,3,2,2,2,0,0,0,0,0,0,2,0,0,1,.000,.000,.000,.000,-100,0,0,0,0,0,0,/H9,hamilbi02
615,David Hamilton,0,2023,25,BOS,AL,15,39,33,2,4,2,2,0,0,0,2,1,6,10,.121,.256,.182,.438,22,6,1,0,0,0,0,6/4H,hamilda03
616,Adam Haseley,0,2023,27,CHW,AL,28,39,36,6,8,6,2,0,0,2,1,0,3,8,.222,.282,.278,.560,54,10,1,0,0,0,0,9/H87D,haselad01
617,Taylor Hearn,0,2023,28,ATLKCRTEX,ALNL,1,0,0,0,0,0,0,0,0,0,0,0,0,0,,,,,,0,0,0,0,0,0,/1,hearnta01
618,Jonathan Heasley,0,2023,26,KCR,AL,1,0,0,0,0,0,0,0,0,0,0,0,0,0,,,,,,0,0,0,0,0,0,1,heasljo01
619,Tyler Heineman,0,2023,32,PITTOR,ALNL,22,47,38,5,9,7,1,1,0,3,1,0,8,8,.237,.383,.316,.699,98,12,0,1,0,0,0,2/H,heinety01
620,Ryan Helsley,0,2023,28,STL,NL,1,0,0,0,0,0,0,0,0,0,0,0,0,0,,,,,,0,0,0,0,0,0,1,helslry01
621,Yonny Hernández,0,2023,25,LAD,NL,14,27,22,5,3,2,1,0,0,4,0,0,2,8,.136,.231,.182,.413,14,4,0,1,1,1,0,/4H51,hernayo02
622,Carlos Hernández,0,2023,26,KCR,AL,1,0,0,0,0,0,0,0,0,0,0,0,0,0,,,,,,0,0,0,0,0,0,1,hernaca04
623,Iván Herrera,0,2023,23,STL,NL,13,44,37,6,11,9,2,0,0,4,0,0,5,11,.297,.409,.351,.760,112,13,1,2,0,0,0,2,herreiv01
624,José Herrera,0,2023,26,ARI,NL,41,120,101,15,21,16,5,0,0,7,1,0,13,30,.208,.296,.257,.553,54,26,2,0,5,1,0,2/1H,herrejo04
625,Derek Hill,0,2023,27,WSN,NL,13,50,47,3,8,7,1,0,0,1,1,0,3,11,.170,.220,.191,.411,16,9,0,0,0,0,0,8,hillde01
626,Bryan Hoeing,0,2023,26,MIA,NL,1,0,0,0,0,0,0,0,0,0,0,0,0,0,,,,,,0,0,0,0,0,0,1,hoeinbr01
627,TJ Hopkins,0,2023,26,CIN,NL,25,44,41,7,7,7,0,0,0,1,1,0,2,17,.171,.227,.171,.398,10,7,1,1,0,0,0,H/9D7,hopkitj01
628,Cooper Hummel,0,2023,28,SEA,AL,10,26,23,2,2,1,1,0,0,0,1,0,2,9,.087,.192,.130,.323,-6,3,1,1,0,0,0,/DH79,hummeco01
629,Tommy Hunter,0,2023,36,NYM,NL,2,0,0,0,0,0,0,0,0,0,0,0,0,0,,,,,,0,0,0,0,0,0,1,hunteto02
630,Drey Jameson,0,2023,25,ARI,NL,1,0,0,0,0,0,0,0,0,0,0,0,0,0,,,,,,0,0,0,0,0,0,1,jamesdr01
631,Kenley Jansen,0,2023,35,BOS,AL,1,0,0,0,0,0,0,0,0,0,0,0,0,0,,,,,,0,0,0,0,0,0,1,janseke01
632,Bryce Jarvis,0,2023,25,ARI,NL,1,0,0,0,0,0,0,0,0,0,0,0,0,0,,,,,,0,0,0,0,0,0,1,jarvibr01
633,Joe Jiménez,0,2023,28,ATL,NL,1,0,0,0,0,0,0,0,0,0,0,0,0,0,,,,,,0,0,0,0,0,0,1,jimenjo02
634,Pierce Johnson,0,2023,32,ATLCOL,NL,1,0,0,0,0,0,0,0,0,0,0,0,0,0,,,,,,0,0,0,0,0,0,1,johnspi01
635,Jahmai Jones,0,2023,25,MIL,NL,7,11,10,2,2,1,1,0,0,3,1,0,1,5,.200,.273,.300,.573,58,3,0,0,0,0,0,/DH4,jonesja08
636,Jakob Junis,0,2023,30,SFG,NL,1,0,0,0,0,0,0,0,0,0,0,0,0,0,,,,,,0,0,0,0,0,0,1,junisja01
637,Connor Kaiser,0,2023,26,COL,NL,3,4,4,0,0,0,0,0,0,0,0,0,0,2,.000,.000,.000,.000,-100,0,0,0,0,0,0,/6H,kaiseco01
638,Karl Kauffmann,0,2023,25,COL,NL,1,0,0,0,0,0,0,0,0,0,0,0,0,0,,,,,,0,0,0,0,0,0,1,kauffka01
639,Anthony Kay,0,2023,28,CHCNYM,NL,4,0,0,0,0,0,0,0,0,0,0,0,0,0,,,,,,0,0,0,0,0,0,1,kayan01
640,Buddy Kennedy,0,2023,24,ARI,NL,10,29,24,1,4,3,1,0,0,1,0,0,4,6,.167,.310,.208,.519,47,5,0,1,0,0,0,/5HD4,kennebu01
641,John King,0,2023,28,STLTEX,ALNL,1,0,0,0,0,0,0,0,0,0,0,0,0,0,,,,,,0,0,0,0,0,0,1,kingjo01
642,Taylor Kohlwey,0,2023,28,SDP,NL,5,13,13,0,2,2,0,0,0,0,0,0,0,5,.154,.154,.154,.308,-13,2,0,0,0,0,0,/79DH,kohlwta01
643,Mark Kolozsvary,0,2023,27,BAL,AL,1,0,0,0,0,0,0,0,0,0,0,0,0,0,,,,,,0,0,0,0,0,0,/2,kolozma01
644,Ryan Kreidler,0,2023,25,DET,AL,11,18,18,2,2,2,0,0,0,0,0,0,0,7,.111,.111,.111,.222,-38,2,0,0,0,0,0,/456DH,kreidry01
645,Alex Lange,0,2023,27,DET,AL,1,0,0,0,0,0,0,0,0,0,0,0,0,0,,,,,,0,0,0,0,0,0,1,langeal01
646,Tommy La Stella,0,2023,34,SEA,AL,12,24,21,2,4,3,1,0,0,2,0,0,3,5,.190,.292,.238,.530,53,5,0,0,0,0,0,/DH,lasteto01
647,Derek Law,0,2023,32,CIN,NL,1,0,0,0,0,0,0,0,0,0,0,0,0,0,,,,,,0,0,0,0,0,0,1,lawde01
648,Jordan Lawlar,0,2023,20,ARI,NL,14,34,31,2,4,4,0,0,0,0,1,1,2,11,.129,.206,.129,.335,-5,4,0,1,0,0,0,6/H,lawlajo01
649,Justin Lawrence,0,2023,28,COL,NL,1,0,0,0,0,0,0,0,0,0,0,0,0,0,,,,,,0,0,0,0,0,0,1,lawreju01
650,Mark Leiter Jr.,0,2023,32,CHC,NL,1,0,0,0,0,0,0,0,0,0,0,0,0,0,,,,,,0,0,0,0,0,0,1,leitema02
651,Sandy León,0,2023,34,TEX,AL,21,44,41,4,6,4,2,0,0,4,0,0,1,20,.146,.186,.195,.381,4,8,2,1,1,0,0,2/1H,leonsa01
652,Josh Lester,0,2023,28,BAL,AL,11,23,22,0,4,4,0,0,0,4,0,0,1,7,.182,.217,.182,.399,15,4,1,0,0,0,0,/3HD159,lestejo02
653,Luke Little,0,2023,22,CHC,NL,1,0,0,0,0,0,0,0,0,0,0,0,0,0,,,,,,0,0,0,0,0,0,/1,littllu01
654,Nick Loftin,0,2023,24,KCR,AL,19,68,62,10,20,14,5,1,0,10,2,0,4,12,.323,.368,.435,.803,121,27,0,1,0,1,0,/345DH,loftini01
655,Irving López,0,2023,28,STL,NL,5,12,11,0,0,0,0,0,0,1,0,0,0,5,.000,.000,.000,.000,-100,0,0,0,0,1,0,/54H,lopezir01
656,Alejo López,0,2023,27,CIN,NL,1,2,2,1,1,0,1,0,0,1,0,0,0,1,.500,.500,1.000,1.500,290,2,0,0,0,0,0,/4,lopezal03
657,Marco Luciano,0,2023,21,SFG,NL,14,45,39,4,9,6,3,0,0,0,1,0,6,17,.231,.333,.308,.641,80,12,0,0,0,0,0,6/D,luciama01
658,Nathan Lukes,0,2023,28,TOR,AL,29,31,26,4,5,3,1,1,0,2,0,0,4,9,.192,.290,.308,.598,67,8,1,0,0,1,0,9H/D78,lukesna01
659,Bligh Madris,0,2023,27,HOU,AL,12,30,26,4,4,3,1,0,0,0,0,0,4,7,.154,.267,.192,.459,31,5,0,0,0,0,0,/HD317,madribl01
660,Drew Maggi,0,2023,34,PIT,NL,3,6,6,1,2,1,1,0,0,1,0,0,0,1,.333,.333,.500,.833,124,3,0,0,0,0,0,/5HD,maggidr01
661,Seth Martinez,0,2023,28,HOU,AL,1,0,0,0,0,0,0,0,0,0,0,0,0,0,,,,,,0,0,0,0,0,0,1,martise01
662,Chris Martin,0,2023,37,BOS,AL,1,0,0,0,0,0,0,0,0,0,0,0,0,0,,,,,,0,0,0,0,0,0,1,martich02
663,Mark Mathias,0,2023,28,PITSFG,NL,27,72,62,6,14,12,2,0,0,6,3,0,10,15,.226,.333,.258,.591,66,16,4,0,0,0,0,4/H9D,mathima01
664,Phil Maton,0,2023,30,HOU,AL,4,0,0,0,0,0,0,0,0,0,0,0,0,0,,,,,,0,0,0,0,0,0,1,matonph01
665,Tim Mayza,0,2023,31,TOR,AL,2,0,0,0,0,0,0,0,0,0,0,0,0,0,,,,,,0,0,0,0,0,0,1,mayzati01
666,James McArthur,0,2023,26,KCR,AL,1,0,0,0,0,0,0,0,0,0,0,0,0,0,,,,,,0,0,0,0,0,0,1,mcartja01
667,Mason McCoy,0,2023,28,TOR,AL,6,1,1,2,0,0,0,0,0,0,0,0,0,1,.000,.000,.000,.000,-100,0,0,0,0,0,0,/6H,mccoyma01
668,Scott McGough,0,2023,33,ARI,NL,2,0,0,0,0,0,0,0,0,0,0,0,0,0,,,,,,0,0,0,0,0,0,1,mcgousc01
669,Austin Meadows,0,2023,28,DET,AL,6,21,21,0,5,4,1,0,0,2,0,0,0,3,.238,.238,.286,.524,43,6,0,0,0,0,0,/79H,meadoau01
670,Wade Meckler,0,2023,23,SFG,NL,20,64,56,6,13,12,1,0,0,4,0,0,6,25,.232,.328,.250,.578,64,14,0,2,0,0,0,8/H7,mecklwa01
671,Óscar Mercado,0,2023,28,STL,NL,20,32,31,3,9,6,3,0,0,5,2,1,1,4,.290,.313,.387,.700,90,12,0,0,0,0,0,/978DH,mercaos01
672,Julian Merryweather,0,2023,31,CHC,NL,1,0,0,0,0,0,0,0,0,0,0,0,0,0,,,,,,0,0,0,0,0,0,1,merryju01
673,Shelby Miller,0,2023,32,LAD,NL,1,1,1,0,0,0,0,0,0,0,0,0,0,0,.000,.000,.000,.000,-100,0,0,0,0,0,0,1,millesh01
674,Calvin Mitchell,0,2023,24,PIT,NL,2,5,4,0,0,0,0,0,0,0,0,0,1,1,.000,.200,.000,.200,-38,0,0,0,0,0,0,/9H,mitchca01
675,Rafael Montero,0,2023,32,HOU,AL,1,0,0,0,0,0,0,0,0,0,0,0,0,0,,,,,,0,0,0,0,0,0,1,montera01
676,Jovani Morán,0,2023,26,MIN,AL,2,0,0,0,0,0,0,0,0,0,0,0,0,0,,,,,,0,0,0,0,0,0,1,moranjo01
677,Taylor Motter,0,2023,33,STL,NL,29,82,76,3,13,10,3,0,0,2,0,0,5,31,.171,.232,.211,.442,23,16,0,1,0,0,0,45/6H39D,motteta01
678,Andrés Muñoz,0,2023,24,SEA,AL,1,0,0,0,0,0,0,0,0,0,0,0,0,0,,,,,,0,0,0,0,0,0,1,munozan01
679,Penn Murfee,0,2023,29,SEA,AL,1,0,0,0,0,0,0,0,0,0,0,0,0,0,,,,,,0,0,0,0,0,0,1,murfepe01
680,James Naile,0,2023,30,STL,NL,1,0,0,0,0,0,0,0,0,0,0,0,0,0,,,,,,0,0,0,0,0,0,1,naileja01
681,Tyler Naquin,0,2023,32,CHW,AL,5,8,8,0,0,0,0,0,0,0,0,0,0,7,.000,.000,.000,.000,-100,0,0,0,0,0,0,/7H9,naquity01
682,Andrew Nardi,0,2023,24,MIA,NL,1,0,0,0,0,0,0,0,0,0,0,0,0,0,,,,,,0,0,0,0,0,0,1,nardian01
683,Kyle Nelson,0,2023,26,ARI,NL,1,0,0,0,0,0,0,0,0,0,0,0,0,0,,,,,,0,0,0,0,0,0,1,nelsoky01
684,Héctor Neris,0,2023,34,HOU,AL,1,0,0,0,0,0,0,0,0,0,0,0,0,0,,,,,,0,0,0,0,0,0,1,nerishe01
685,Tomás Nido,0,2023,29,NYM,NL,22,61,56,5,7,7,0,0,0,1,0,0,2,18,.125,.153,.125,.278,-22,7,2,0,2,1,0,2/H,nidoto01
686,Brian O'Keefe,0,2023,29,SEA,AL,8,21,19,0,2,0,2,0,0,2,0,0,2,7,.105,.190,.211,.401,14,4,2,0,0,0,0,/2H,okeefbr01
687,Chris Okey,0,2023,28,LAA,AL,2,2,2,0,0,0,0,0,0,0,0,0,0,2,.000,.000,.000,.000,-100,0,0,0,0,0,0,/2,okeych01
688,Jonathan Ornelas,0,2023,23,TEX,AL,8,8,7,2,1,1,0,0,0,0,0,0,0,4,.143,.250,.143,.393,12,1,0,1,0,0,0,/65H,orneljo01
689,Joey Ortiz,0,2023,24,BAL,AL,15,34,33,4,7,6,1,0,0,4,0,0,0,9,.212,.206,.242,.448,26,8,2,0,0,1,0,/456H,ortizjo06
690,Chris Owings,0,2023,31,PIT,NL,10,25,25,0,4,4,0,0,0,0,0,0,0,12,.160,.160,.160,.320,-12,4,1,0,0,0,0,6/18,owingch01
691,Kevin Padlo,0,2023,26,LAA,AL,3,8,8,1,1,0,1,0,0,0,0,0,0,0,.125,.125,.250,.375,-2,2,1,0,0,0,0,/35,padloke01
692,Emilio Pagán,0,2023,32,MIN,AL,1,0,0,0,0,0,0,0,0,0,0,0,0,0,,,,,,0,0,0,0,0,0,1,paganem01
693,Kyren Paris,0,2023,21,LAA,AL,15,46,40,4,4,4,0,0,0,1,3,0,4,17,.100,.200,.100,.300,-14,4,0,1,1,0,0,/648HD,parisky01
694,Everson Pereira,0,2023,22,NYY,AL,27,103,93,6,14,10,4,0,0,10,4,0,8,40,.151,.233,.194,.427,20,18,1,2,0,0,0,7,pereiev01
695,Cionel Pérez,0,2023,27,BAL,AL,3,0,0,0,0,0,0,0,0,0,0,0,0,0,,,,,,0,0,0,0,0,0,1,perezci01
696,Michael Pérez,0,2023,30,NYM,NL,3,8,8,1,4,3,1,0,0,0,0,0,0,1,.500,.500,.625,1.125,209,5,0,0,0,0,0,/2,perezmi03
697,Roberto Pérez,0,2023,34,SFG,NL,5,17,15,0,2,2,0,0,0,1,0,0,2,6,.133,.235,.133,.369,7,2,0,0,0,0,0,/2,perezro02
698,Nick Pivetta,0,2023,30,BOS,AL,1,0,0,0,0,0,0,0,0,0,0,0,0,0,,,,,,0,0,0,0,0,0,1,pivetni01
699,Ryan Pressly,0,2023,34,HOU,AL,3,0,0,0,0,0,0,0,0,0,0,0,0,0,,,,,,0,0,0,0,0,0,1,pressry01
700,Juniel Querecuto,0,2023,30,STL,NL,9,21,20,2,2,1,1,0,0,0,0,0,1,6,.100,.143,.150,.293,-19,3,0,0,0,0,0,/534H,quereju01
701,Cole Ragans,0,2023,25,KCRTEX,AL,1,0,0,0,0,0,0,0,0,0,0,0,0,0,,,,,,0,0,0,0,0,0,1,raganco01
702,Brooks Raley,0,2023,35,NYM,NL,1,0,0,0,0,0,0,0,0,0,0,0,0,0,,,,,,0,0,0,0,0,0,1,raleybr01
703,Henry Ramos,0,2023,31,CIN,NL,23,86,74,9,18,14,3,1,0,5,2,1,11,21,.243,.349,.311,.660,80,23,2,1,0,0,0,9/D7H,ramoshe01
704,Matt Reynolds,0,2023,32,CIN,NL,2,5,5,1,1,1,0,0,0,0,0,0,0,3,.200,.200,.200,.400,9,1,0,0,0,0,0,/53,reynoma03
705,Víctor Robles,0,2023,26,WSN,NL,36,126,107,15,32,26,5,1,0,8,8,1,11,18,.299,.385,.364,.750,110,39,3,4,4,0,0,8,roblevi01
706,Brayan Rocchio,0,2023,22,CLE,AL,23,86,81,9,20,14,6,0,0,8,0,0,4,27,.247,.279,.321,.600,68,26,4,0,0,1,0,6/5H,rocchbr01
707,José Rodríguez,0,2023,22,CHW,AL,1,0,0,1,0,0,0,0,0,0,0,0,0,0,,,,,,0,0,0,0,0,0,/4H,rodrijo09
708,Taylor Rogers,0,2023,32,SFG,NL,1,0,0,0,0,0,0,0,0,0,0,0,0,0,,,,,,0,0,0,0,0,0,1,rogerta01
709,Tyler Rogers,0,2023,32,SFG,NL,1,0,0,0,0,0,0,0,0,0,0,0,0,0,,,,,,0,0,0,0,0,0,1,rogerty01
710,Jordan Romano,0,2023,30,TOR,AL,1,0,0,0,0,0,0,0,0,0,0,0,0,0,,,,,,0,0,0,0,0,0,1,romanjo03
711,JoJo Romero,0,2023,26,STL,NL,1,0,0,0,0,0,0,0,0,0,0,0,0,0,,,,,,0,0,0,0,0,0,1,romerjo01
712,Michael Rucker,0,2023,29,CHC,NL,2,0,0,0,0,0,0,0,0,0,0,0,0,0,,,,,,0,0,0,0,0,0,1,ruckemi01
713,Darin Ruf,0,2023,36,MILSFG,NL,20,57,49,3,11,8,3,0,0,3,0,0,8,16,.224,.333,.286,.619,74,14,0,0,0,0,0,D/H3,rufda01
714,José Ruiz,0,2023,28,ARICHW,ALNL,1,0,0,0,0,0,0,0,0,0,0,0,0,0,,,,,,0,0,0,0,0,0,1,ruizjo01
715,Blake Rutherford,0,2023,26,WSN,NL,16,36,35,4,6,6,0,0,0,2,0,0,1,10,.171,.194,.171,.366,3,6,1,0,0,0,0,7/H,ruthebl01
716,César Salazar,0,2023,27,HOU,AL,13,19,18,1,2,2,0,0,0,0,0,0,1,6,.111,.158,.111,.269,-23,2,1,0,0,0,0,/2H,salazce01
717,Cole Sands,0,2023,25,MIN,AL,1,0,0,0,0,0,0,0,0,0,0,0,0,0,,,,,,0,0,0,0,0,0,1,sandsco01
718,Tony Santillan,0,2023,26,CIN,NL,1,0,0,0,0,0,0,0,0,0,0,0,0,0,,,,,,0,0,0,0,0,0,/1,santito01
719,Tayler Saucedo,0,2023,30,SEA,AL,2,0,0,0,0,0,0,0,0,0,0,0,0,0,,,,,,0,0,0,0,0,0,1,sauceta01
720,Josh Sborz,0,2023,29,TEX,AL,1,1,1,0,0,0,0,0,0,0,0,0,0,1,.000,.000,.000,.000,-100,0,0,0,0,0,0,1,sborzjo01
721,Jonathan Schoop,0,2023,31,DET,AL,55,151,136,15,29,21,8,0,0,7,0,0,13,37,.213,.278,.272,.550,53,37,6,0,0,2,0,45H/16D,schoojo01
722,John Schreiber,0,2023,29,BOS,AL,2,0,0,0,0,0,0,0,0,0,0,0,0,0,,,,,,0,0,0,0,0,0,1,schrejo01
723,Tayler Scott,0,2023,31,BOSLADOAK,ALNL,2,0,0,0,0,0,0,0,0,0,0,0,0,0,,,,,,0,0,0,0,0,0,1,scottta02
724,Chandler Seagle,0,2023,27,SDP,NL,1,1,1,0,0,0,0,0,0,0,0,0,0,0,.000,.000,.000,.000,-100,0,0,0,0,0,0,/DH,seaglch01
725,Brian Serven,0,2023,28,COL,NL,11,23,23,0,3,2,1,0,0,1,0,0,0,10,.130,.130,.174,.304,-22,4,0,0,0,0,0,2/HD,servebr01
726,Paul Sewald,0,2023,33,ARISEA,ALNL,2,0,0,0,0,0,0,0,0,0,0,0,0,0,,,,,,0,0,0,0,0,0,1,sewalpa01
727,Braden Shewmake,0,2023,25,ATL,NL,2,4,4,0,0,0,0,0,0,0,0,0,0,1,.000,.000,.000,.000,-100,0,0,0,0,0,0,/6,shewmbr01
728,Michael Siani,0,2023,23,CINSTL,NL,8,6,5,1,0,0,0,0,0,0,1,1,1,1,.000,.167,.000,.167,-48,0,0,0,0,0,0,/8HD7,sianimi01
729,Lucas Sims,0,2023,29,CIN,NL,3,0,0,0,0,0,0,0,0,0,0,0,0,0,,,,,,0,0,0,0,0,0,1,simslu01
730,Canaan Smith-Njigba,0,2023,24,PIT,NL,15,37,32,3,4,2,1,1,0,5,1,0,4,16,.125,.216,.219,.435,20,7,1,0,0,1,0,9/H7,smithca05
731,Will Smith,0,2023,33,TEX,AL,1,0,0,0,0,0,0,0,0,0,0,0,0,0,,,,,,0,0,0,0,0,0,1,smithwi04
732,Drew Smyly,0,2023,34,CHC,NL,1,0,0,0,0,0,0,0,0,0,0,0,0,0,,,,,,0,0,0,0,0,0,1,smylydr01
733,Nick Solak,0,2023,28,ATLDET,ALNL,2,0,0,1,0,0,0,0,0,0,0,0,0,0,,,,,,0,0,0,0,0,0,/HD,solakni01
734,Liván Soto,0,2023,23,LAA,AL,4,12,9,2,2,2,0,0,0,0,0,0,3,2,.222,.417,.222,.639,82,2,0,0,0,0,0,/46,sotoli01
735,Carson Spiers,0,2023,25,CIN,NL,1,0,0,0,0,0,0,0,0,0,0,0,0,0,,,,,,0,0,0,0,0,0,/1,spierca01
736,Ryne Stanek,0,2023,31,HOU,AL,2,0,0,0,0,0,0,0,0,0,0,0,0,0,,,,,,0,0,0,0,0,0,1,stanery01
737,Michael Stefanic,0,2023,27,LAA,AL,25,71,62,5,18,15,2,1,0,6,0,1,8,8,.290,.380,.355,.735,103,22,0,1,0,0,0,4/5HD,stefami01
738,Cal Stevenson,0,2023,26,SFG,NL,6,12,9,1,0,0,0,0,0,0,0,0,3,2,.000,.250,.000,.250,-21,0,0,0,0,0,0,/8,steveca01
739,Andrew Stevenson,0,2023,29,MIN,AL,25,40,37,4,7,6,1,0,0,1,4,1,2,8,.189,.250,.216,.466,31,8,0,1,0,0,0,8H/7,stevean01
740,Kyle Stowers,0,2023,25,BAL,AL,14,33,30,1,2,2,0,0,0,0,0,0,3,12,.067,.152,.067,.218,-35,2,1,0,0,0,0,/97HD,stoweky01
741,Brent Suter,0,2023,33,COL,NL,1,0,0,0,0,0,0,0,0,0,0,0,0,0,,,,,,0,0,0,0,0,0,1,suterbr01
742,Domingo Tapia,0,2023,31,SDP,NL,1,0,0,0,0,0,0,0,0,0,0,0,0,0,,,,,,0,0,0,0,0,0,1,tapiado01
743,Samad Taylor,0,2023,24,KCR,AL,31,69,60,11,12,9,2,1,0,4,8,0,7,22,.200,.279,.267,.546,52,16,1,0,1,1,0,74H/58,taylosa04
744,José Tena,0,2023,22,CLE,AL,18,34,31,2,7,5,2,0,0,3,0,0,3,13,.226,.294,.290,.584,65,9,0,0,0,0,0,6/H45D,tenajo01
745,Bubba Thompson,0,2023,25,TEX,AL,37,60,53,10,9,4,4,1,0,4,4,2,4,16,.170,.237,.283,.520,41,15,0,1,1,1,0,7H/9D8,thompbu01
746,Justin Topa,0,2023,32,SEA,AL,1,0,0,0,0,0,0,0,0,0,0,0,0,0,,,,,,0,0,0,0,0,0,1,topaju01
747,Luis Torrens,0,2023,27,CHCSEA,ALNL,18,30,28,1,7,4,3,0,0,4,0,0,1,9,.250,.300,.357,.657,79,10,0,1,0,0,0,/DH27,torrelu01
748,Chadwick Tromp,0,2023,28,ATL,NL,6,16,16,1,2,1,1,0,0,1,0,0,0,7,.125,.125,.188,.313,-17,3,0,0,0,0,0,/2,trompch01
749,Cole Tucker,0,2023,26,COL,NL,5,10,8,2,4,4,0,0,0,2,0,0,1,2,.500,.600,.500,1.100,190,4,0,1,0,0,0,/H89D,tuckeco01
750,Terrin Vavra,0,2023,26,BAL,AL,27,56,49,9,12,12,0,0,0,5,1,0,5,12,.245,.315,.245,.560,62,12,5,0,2,0,0,9/7HD54,vavrate01
751,Alex Vesia,0,2023,27,LAD,NL,2,0,0,0,0,0,0,0,0,0,0,0,0,0,,,,,,0,0,0,0,0,0,1,vesiaal01
752,Will Vest,0,2023,28,DET,AL,1,0,0,0,0,0,0,0,0,0,0,0,0,0,,,,,,0,0,0,0,0,0,1,vestwi01
753,Meibrys Viloria,0,2023,26,CLE,AL,10,4,3,0,0,0,0,0,0,0,0,0,1,0,.000,.250,.000,.250,-20,0,1,0,0,0,0,2,vilorme01
754,Luke Voit,0,2023,32,MIL,NL,22,74,68,5,15,12,3,0,0,4,2,0,4,27,.221,.284,.265,.548,53,18,3,2,0,0,0,3D/H,voitlu01
755,Tyler Wade,0,2023,28,OAK,AL,26,55,51,8,13,11,1,1,0,2,4,0,4,13,.255,.309,.314,.623,80,16,0,0,0,0,0,6/H759D,wadety01
756,Adam Wainwright,0,2023,41,STL,NL,2,2,2,0,0,0,0,0,0,0,0,0,0,1,.000,.000,.000,.000,-100,0,0,0,0,0,0,1/HD,wainwad01
757,Hayden Wesneski,0,2023,25,CHC,NL,2,0,0,0,0,0,0,0,0,0,0,0,0,0,,,,,,0,0,0,0,0,0,1,wesneha01
758,Eli White,0,2023,29,ATL,NL,6,17,14,1,1,1,0,0,0,0,0,0,2,7,.071,.235,.071,.307,-11,1,0,1,0,0,0,/8H,whiteel04
759,Garrett Whitlock,0,2023,27,BOS,AL,1,0,0,0,0,0,0,0,0,0,0,0,0,0,,,,,,0,0,0,0,0,0,1,whitlga01
760,Luke Williams,0,2023,26,ATLLAD,NL,11,19,19,1,1,1,0,0,0,0,4,0,0,7,.053,.053,.053,.105,-71,1,0,0,0,0,0,/H65137D,willilu01
761,Alika Williams,0,2023,24,PIT,NL,46,112,101,7,20,15,5,0,0,6,0,0,9,35,.198,.270,.248,.518,44,25,2,1,1,0,0,6/H,willial04
762,Nick Wittgren,0,2023,32,KCR,AL,1,0,0,0,0,0,0,0,0,0,0,0,0,0,,,,,,0,0,0,0,0,0,1,wittgni01
763,Ryan Yarbrough,0,2023,31,KCRLAD,ALNL,1,0,0,0,0,0,0,0,0,0,0,0,0,0,,,,,,0,0,0,0,0,0,1,yarbrry01
764,Alex Young,0,2023,29,CIN,NL,2,0,0,0,0,0,0,0,0,0,0,0,0,0,,,,,,0,0,0,0,0,0,1,youngal01
765,Jacob Young,0,2023,23,WSN,NL,33,121,107,9,27,19,7,1,0,12,13,0,10,22,.252,.322,.336,.658,84,36,2,1,3,0,0,8/DH,youngja03