,eventDate,qcFlagCode,value,timeSeriesId
0,2022-01-22T00:00:00Z,2,3.441,5cebf1de3d0f4a073c4bb95f
1,2022-01-22T00:15:00Z,2,3.497,5cebf1de3d0f4a073c4bb95f
2,2022-01-22T00:30:00Z,2,3.556,5cebf1de3d0f4a073c4bb95f
3,2022-01-22T00:45:00Z,2,3.618,5cebf1de3d0f4a073c4bb95f
4,2022-01-22T01:00:00Z,2,3.68,5cebf1de3d0f4a073c4bb95f
5,2022-01-22T01:15:00Z,2,3.741,5cebf1de3d0f4a073c4bb95f
6,2022-01-22T01:30:00Z,2,3.8,5cebf1de3d0f4a073c4bb95f
7,2022-01-22T01:45:00Z,2,3.855,5cebf1de3d0f4a073c4bb95f
8,2022-01-22T02:00:00Z,2,3.903,5cebf1de3d0f4a073c4bb95f
9,2022-01-22T02:15:00Z,2,3.944,5cebf1de3d0f4a073c4bb95f
10,2022-01-22T02:30:00Z,2,3.976,5cebf1de3d0f4a073c4bb95f
11,2022-01-22T02:45:00Z,2,3.997,5cebf1de3d0f4a073c4bb95f
12,2022-01-22T03:00:00Z,2,4.006,5cebf1de3d0f4a073c4bb95f
13,2022-01-22T03:15:00Z,2,4.002,5cebf1de3d0f4a073c4bb95f
14,2022-01-22T03:30:00Z,2,3.984,5cebf1de3d0f4a073c4bb95f
15,2022-01-22T03:45:00Z,2,3.952,5cebf1de3d0f4a073c4bb95f
16,2022-01-22T04:00:00Z,2,3.905,5cebf1de3d0f4a073c4bb95f
17,2022-01-22T04:15:00Z,2,3.843,5cebf1de3d0f4a073c4bb95f
18,2022-01-22T04:30:00Z,2,3.768,5cebf1de3d0f4a073c4bb95f
19,2022-01-22T04:45:00Z,2,3.679,5cebf1de3d0f4a073c4bb95f
20,2022-01-22T05:00:00Z,2,3.578,5cebf1de3d0f4a073c4bb95f
21,2022-01-22T05:15:00Z,2,3.466,5cebf1de3d0f4a073c4bb95f
22,2022-01-22T05:30:00Z,2,3.344,5cebf1de3d0f4a073c4bb95f
23,2022-01-22T05:45:00Z,2,3.214,5cebf1de3d0f4a073c4bb95f
24,2022-01-22T06:00:00Z,2,3.077,5cebf1de3d0f4a073c4bb95f
25,2022-01-22T06:15:00Z,2,2.935,5cebf1de3d0f4a073c4bb95f
26,2022-01-22T06:30:00Z,2,2.789,5cebf1de3d0f4a073c4bb95f
27,2022-01-22T06:45:00Z,2,2.641,5cebf1de3d0f4a073c4bb95f
28,2022-01-22T07:00:00Z,2,2.492,5cebf1de3d0f4a073c4bb95f
29,2022-01-22T07:15:00Z,2,2.344,5cebf1de3d0f4a073c4bb95f
30,2022-01-22T07:30:00Z,2,2.199,5cebf1de3d0f4a073c4bb95f
31,2022-01-22T07:45:00Z,2,2.059,5cebf1de3d0f4a073c4bb95f
32,2022-01-22T08:00:00Z,2,1.927,5cebf1de3d0f4a073c4bb95f
33,2022-01-22T08:15:00Z,2,1.804,5cebf1de3d0f4a073c4bb95f
34,2022-01-22T08:30:00Z,2,1.692,5cebf1de3d0f4a073c4bb95f
35,2022-01-22T08:45:00Z,2,1.595,5cebf1de3d0f4a073c4bb95f
36,2022-01-22T09:00:00Z,2,1.514,5cebf1de3d0f4a073c4bb95f
37,2022-01-22T09:15:00Z,2,1.452,5cebf1de3d0f4a073c4bb95f
38,2022-01-22T09:30:00Z,2,1.409,5cebf1de3d0f4a073c4bb95f
39,2022-01-22T09:45:00Z,2,1.387,5cebf1de3d0f4a073c4bb95f
40,2022-01-22T10:00:00Z,2,1.387,5cebf1de3d0f4a073c4bb95f
41,2022-01-22T10:15:00Z,2,1.41,5cebf1de3d0f4a073c4bb95f
42,2022-01-22T10:30:00Z,2,1.455,5cebf1de3d0f4a073c4bb95f
43,2022-01-22T10:45:00Z,2,1.522,5cebf1de3d0f4a073c4bb95f
44,2022-01-22T11:00:00Z,2,1.611,5cebf1de3d0f4a073c4bb95f
45,2022-01-22T11:15:00Z,2,1.72,5cebf1de3d0f4a073c4bb95f
46,2022-01-22T11:30:00Z,2,1.848,5cebf1de3d0f4a073c4bb95f
47,2022-01-22T11:45:00Z,2,1.992,5cebf1de3d0f4a073c4bb95f
48,2022-01-22T12:00:00Z,2,2.152,5cebf1de3d0f4a073c4bb95f
49,2022-01-22T12:15:00Z,2,2.326,5cebf1de3d0f4a073c4bb95f
50,2022-01-22T12:30:00Z,2,2.509,5cebf1de3d0f4a073c4bb95f
51,2022-01-22T12:45:00Z,2,2.701,5cebf1de3d0f4a073c4bb95f
52,2022-01-22T13:00:00Z,2,2.899,5cebf1de3d0f4a073c4bb95f
53,2022-01-22T13:15:00Z,2,3.101,5cebf1de3d0f4a073c4bb95f
54,2022-01-22T13:30:00Z,2,3.303,5cebf1de3d0f4a073c4bb95f
55,2022-01-22T13:45:00Z,2,3.504,5cebf1de3d0f4a073c4bb95f
56,2022-01-22T14:00:00Z,2,3.701,5cebf1de3d0f4a073c4bb95f
57,2022-01-22T14:15:00Z,2,3.892,5cebf1de3d0f4a073c4bb95f
58,2022-01-22T14:30:00Z,2,4.074,5cebf1de3d0f4a073c4bb95f
59,2022-01-22T14:45:00Z,2,4.245,5cebf1de3d0f4a073c4bb95f
60,2022-01-22T15:00:00Z,2,4.403,5cebf1de3d0f4a073c4bb95f
61,2022-01-22T15:15:00Z,2,4.547,5cebf1de3d0f4a073c4bb95f
62,2022-01-22T15:30:00Z,2,4.674,5cebf1de3d0f4a073c4bb95f
63,2022-01-22T15:45:00Z,2,4.784,5cebf1de3d0f4a073c4bb95f
64,2022-01-22T16:00:00Z,2,4.874,5cebf1de3d0f4a073c4bb95f
65,2022-01-22T16:15:00Z,2,4.945,5cebf1de3d0f4a073c4bb95f
66,2022-01-22T16:30:00Z,2,4.996,5cebf1de3d0f4a073c4bb95f
67,2022-01-22T16:45:00Z,2,5.028,5cebf1de3d0f4a073c4bb95f
68,2022-01-22T17:00:00Z,2,5.04,5cebf1de3d0f4a073c4bb95f
69,2022-01-22T17:15:00Z,2,5.034,5cebf1de3d0f4a073c4bb95f
70,2022-01-22T17:30:00Z,2,5.01,5cebf1de3d0f4a073c4bb95f
71,2022-01-22T17:45:00Z,2,4.971,5cebf1de3d0f4a073c4bb95f
72,2022-01-22T18:00:00Z,2,4.916,5cebf1de3d0f4a073c4bb95f
73,2022-01-22T18:15:00Z,2,4.847,5cebf1de3d0f4a073c4bb95f
74,2022-01-22T18:30:00Z,2,4.765,5cebf1de3d0f4a073c4bb95f
75,2022-01-22T18:45:00Z,2,4.673,5cebf1de3d0f4a073c4bb95f
76,2022-01-22T19:00:00Z,2,4.571,5cebf1de3d0f4a073c4bb95f
77,2022-01-22T19:15:00Z,2,4.46,5cebf1de3d0f4a073c4bb95f
78,2022-01-22T19:30:00Z,2,4.342,5cebf1de3d0f4a073c4bb95f
79,2022-01-22T19:45:00Z,2,4.22,5cebf1de3d0f4a073c4bb95f
80,2022-01-22T20:00:00Z,2,4.093,5cebf1de3d0f4a073c4bb95f
81,2022-01-22T20:15:00Z,2,3.965,5cebf1de3d0f4a073c4bb95f
82,2022-01-22T20:30:00Z,2,3.837,5cebf1de3d0f4a073c4bb95f
83,2022-01-22T20:45:00Z,2,3.712,5cebf1de3d0f4a073c4bb95f
84,2022-01-22T21:00:00Z,2,3.591,5cebf1de3d0f4a073c4bb95f
85,2022-01-22T21:15:00Z,2,3.477,5cebf1de3d0f4a073c4bb95f
86,2022-01-22T21:30:00Z,2,3.371,5cebf1de3d0f4a073c4bb95f
87,2022-01-22T21:45:00Z,2,3.276,5cebf1de3d0f4a073c4bb95f
88,2022-01-22T22:00:00Z,2,3.192,5cebf1de3d0f4a073c4bb95f
89,2022-01-22T22:15:00Z,2,3.121,5cebf1de3d0f4a073c4bb95f
90,2022-01-22T22:30:00Z,2,3.064,5cebf1de3d0f4a073c4bb95f
91,2022-01-22T22:45:00Z,2,3.022,5cebf1de3d0f4a073c4bb95f
92,2022-01-22T23:00:00Z,2,2.993,5cebf1de3d0f4a073c4bb95f
93,2022-01-22T23:15:00Z,2,2.979,5cebf1de3d0f4a073c4bb95f
94,2022-01-22T23:30:00Z,2,2.979,5cebf1de3d0f4a073c4bb95f
95,2022-01-22T23:45:00Z,2,2.991,5cebf1de3d0f4a073c4bb95f
96,2022-01-23T00:00:00Z,2,3.016,5cebf1de3d0f4a073c4bb95f
97,2022-01-23T00:15:00Z,2,3.051,5cebf1de3d0f4a073c4bb95f
98,2022-01-23T00:30:00Z,2,3.096,5cebf1de3d0f4a073c4bb95f
99,2022-01-23T00:45:00Z,2,3.149,5cebf1de3d0f4a073c4bb95f
100,2022-01-23T01:00:00Z,2,3.209,5cebf1de3d0f4a073c4bb95f
101,2022-01-23T01:15:00Z,2,3.273,5cebf1de3d0f4a073c4bb95f
102,2022-01-23T01:30:00Z,2,3.341,5cebf1de3d0f4a073c4bb95f
103,2022-01-23T01:45:00Z,2,3.41,5cebf1de3d0f4a073c4bb95f
104,2022-01-23T02:00:00Z,2,3.479,5cebf1de3d0f4a073c4bb95f
105,2022-01-23T02:15:00Z,2,3.546,5cebf1de3d0f4a073c4bb95f
106,2022-01-23T02:30:00Z,2,3.61,5cebf1de3d0f4a073c4bb95f
107,2022-01-23T02:45:00Z,2,3.668,5cebf1de3d0f4a073c4bb95f
108,2022-01-23T03:00:00Z,2,3.72,5cebf1de3d0f4a073c4bb95f
109,2022-01-23T03:15:00Z,2,3.764,5cebf1de3d0f4a073c4bb95f
110,2022-01-23T03:30:00Z,2,3.797,5cebf1de3d0f4a073c4bb95f
111,2022-01-23T03:45:00Z,2,3.82,5cebf1de3d0f4a073c4bb95f
112,2022-01-23T04:00:00Z,2,3.83,5cebf1de3d0f4a073c4bb95f
113,2022-01-23T04:15:00Z,2,3.828,5cebf1de3d0f4a073c4bb95f
114,2022-01-23T04:30:00Z,2,3.812,5cebf1de3d0f4a073c4bb95f
115,2022-01-23T04:45:00Z,2,3.783,5cebf1de3d0f4a073c4bb95f
116,2022-01-23T05:00:00Z,2,3.74,5cebf1de3d0f4a073c4bb95f
117,2022-01-23T05:15:00Z,2,3.683,5cebf1de3d0f4a073c4bb95f
118,2022-01-23T05:30:00Z,2,3.615,5cebf1de3d0f4a073c4bb95f
119,2022-01-23T05:45:00Z,2,3.535,5cebf1de3d0f4a073c4bb95f
120,2022-01-23T06:00:00Z,2,3.445,5cebf1de3d0f4a073c4bb95f
121,2022-01-23T06:15:00Z,2,3.347,5cebf1de3d0f4a073c4bb95f
122,2022-01-23T06:30:00Z,2,3.24,5cebf1de3d0f4a073c4bb95f
123,2022-01-23T06:45:00Z,2,3.128,5cebf1de3d0f4a073c4bb95f
124,2022-01-23T07:00:00Z,2,3.011,5cebf1de3d0f4a073c4bb95f
125,2022-01-23T07:15:00Z,2,2.89,5cebf1de3d0f4a073c4bb95f
126,2022-01-23T07:30:00Z,2,2.768,5cebf1de3d0f4a073c4bb95f
127,2022-01-23T07:45:00Z,2,2.645,5cebf1de3d0f4a073c4bb95f
128,2022-01-23T08:00:00Z,2,2.524,5cebf1de3d0f4a073c4bb95f
129,2022-01-23T08:15:00Z,2,2.405,5cebf1de3d0f4a073c4bb95f
130,2022-01-23T08:30:00Z,2,2.292,5cebf1de3d0f4a073c4bb95f
131,2022-01-23T08:45:00Z,2,2.185,5cebf1de3d0f4a073c4bb95f
132,2022-01-23T09:00:00Z,2,2.086,5cebf1de3d0f4a073c4bb95f
133,2022-01-23T09:15:00Z,2,1.999,5cebf1de3d0f4a073c4bb95f
134,2022-01-23T09:30:00Z,2,1.924,5cebf1de3d0f4a073c4bb95f
135,2022-01-23T09:45:00Z,2,1.864,5cebf1de3d0f4a073c4bb95f
136,2022-01-23T10:00:00Z,2,1.82,5cebf1de3d0f4a073c4bb95f
137,2022-01-23T10:15:00Z,2,1.794,5cebf1de3d0f4a073c4bb95f
138,2022-01-23T10:30:00Z,2,1.786,5cebf1de3d0f4a073c4bb95f
139,2022-01-23T10:45:00Z,2,1.798,5cebf1de3d0f4a073c4bb95f
140,2022-01-23T11:00:00Z,2,1.83,5cebf1de3d0f4a073c4bb95f
141,2022-01-23T11:15:00Z,2,1.882,5cebf1de3d0f4a073c4bb95f
142,2022-01-23T11:30:00Z,2,1.953,5cebf1de3d0f4a073c4bb95f
143,2022-01-23T11:45:00Z,2,2.043,5cebf1de3d0f4a073c4bb95f
144,2022-01-23T12:00:00Z,2,2.151,5cebf1de3d0f4a073c4bb95f
145,2022-01-23T12:15:00Z,2,2.275,5cebf1de3d0f4a073c4bb95f
146,2022-01-23T12:30:00Z,2,2.413,5cebf1de3d0f4a073c4bb95f
147,2022-01-23T12:45:00Z,2,2.565,5cebf1de3d0f4a073c4bb95f
148,2022-01-23T13:00:00Z,2,2.727,5cebf1de3d0f4a073c4bb95f
149,2022-01-23T13:15:00Z,2,2.897,5cebf1de3d0f4a073c4bb95f
150,2022-01-23T13:30:00Z,2,3.074,5cebf1de3d0f4a073c4bb95f
151,2022-01-23T13:45:00Z,2,3.255,5cebf1de3d0f4a073c4bb95f
152,2022-01-23T14:00:00Z,2,3.438,5cebf1de3d0f4a073c4bb95f
153,2022-01-23T14:15:00Z,2,3.62,5cebf1de3d0f4a073c4bb95f
154,2022-01-23T14:30:00Z,2,3.799,5cebf1de3d0f4a073c4bb95f
155,2022-01-23T14:45:00Z,2,3.973,5cebf1de3d0f4a073c4bb95f
156,2022-01-23T15:00:00Z,2,4.14,5cebf1de3d0f4a073c4bb95f
157,2022-01-23T15:15:00Z,2,4.297,5cebf1de3d0f4a073c4bb95f
158,2022-01-23T15:30:00Z,2,4.443,5cebf1de3d0f4a073c4bb95f
159,2022-01-23T15:45:00Z,2,4.575,5cebf1de3d0f4a073c4bb95f
160,2022-01-23T16:00:00Z,2,4.692,5cebf1de3d0f4a073c4bb95f
161,2022-01-23T16:15:00Z,2,4.793,5cebf1de3d0f4a073c4bb95f
162,2022-01-23T16:30:00Z,2,4.876,5cebf1de3d0f4a073c4bb95f
163,2022-01-23T16:45:00Z,2,4.941,5cebf1de3d0f4a073c4bb95f
164,2022-01-23T17:00:00Z,2,4.986,5cebf1de3d0f4a073c4bb95f
165,2022-01-23T17:15:00Z,2,5.012,5cebf1de3d0f4a073c4bb95f
166,2022-01-23T17:30:00Z,2,5.019,5cebf1de3d0f4a073c4bb95f
167,2022-01-23T17:45:00Z,2,5.007,5cebf1de3d0f4a073c4bb95f
168,2022-01-23T18:00:00Z,2,4.977,5cebf1de3d0f4a073c4bb95f
169,2022-01-23T18:15:00Z,2,4.931,5cebf1de3d0f4a073c4bb95f
170,2022-01-23T18:30:00Z,2,4.868,5cebf1de3d0f4a073c4bb95f
171,2022-01-23T18:45:00Z,2,4.792,5cebf1de3d0f4a073c4bb95f
172,2022-01-23T19:00:00Z,2,4.703,5cebf1de3d0f4a073c4bb95f
173,2022-01-23T19:15:00Z,2,4.602,5cebf1de3d0f4a073c4bb95f
174,2022-01-23T19:30:00Z,2,4.491,5cebf1de3d0f4a073c4bb95f
175,2022-01-23T19:45:00Z,2,4.372,5cebf1de3d0f4a073c4bb95f
176,2022-01-23T20:00:00Z,2,4.245,5cebf1de3d0f4a073c4bb95f
177,2022-01-23T20:15:00Z,2,4.113,5cebf1de3d0f4a073c4bb95f
178,2022-01-23T20:30:00Z,2,3.976,5cebf1de3d0f4a073c4bb95f
179,2022-01-23T20:45:00Z,2,3.837,5cebf1de3d0f4a073c4bb95f
180,2022-01-23T21:00:00Z,2,3.697,5cebf1de3d0f4a073c4bb95f
181,2022-01-23T21:15:00Z,2,3.559,5cebf1de3d0f4a073c4bb95f
182,2022-01-23T21:30:00Z,2,3.424,5cebf1de3d0f4a073c4bb95f
183,2022-01-23T21:45:00Z,2,3.295,5cebf1de3d0f4a073c4bb95f
184,2022-01-23T22:00:00Z,2,3.172,5cebf1de3d0f4a073c4bb95f
185,2022-01-23T22:15:00Z,2,3.059,5cebf1de3d0f4a073c4bb95f
186,2022-01-23T22:30:00Z,2,2.956,5cebf1de3d0f4a073c4bb95f
187,2022-01-23T22:45:00Z,2,2.866,5cebf1de3d0f4a073c4bb95f
188,2022-01-23T23:00:00Z,2,2.789,5cebf1de3d0f4a073c4bb95f
189,2022-01-23T23:15:00Z,2,2.727,5cebf1de3d0f4a073c4bb95f
190,2022-01-23T23:30:00Z,2,2.679,5cebf1de3d0f4a073c4bb95f
191,2022-01-23T23:45:00Z,2,2.646,5cebf1de3d0f4a073c4bb95f
192,2022-01-24T00:00:00Z,2,2.628,5cebf1de3d0f4a073c4bb95f
193,2022-01-24T00:15:00Z,2,2.624,5cebf1de3d0f4a073c4bb95f
194,2022-01-24T00:30:00Z,2,2.635,5cebf1de3d0f4a073c4bb95f
195,2022-01-24T00:45:00Z,2,2.659,5cebf1de3d0f4a073c4bb95f
196,2022-01-24T01:00:00Z,2,2.695,5cebf1de3d0f4a073c4bb95f
197,2022-01-24T01:15:00Z,2,2.741,5cebf1de3d0f4a073c4bb95f
198,2022-01-24T01:30:00Z,2,2.797,5cebf1de3d0f4a073c4bb95f
199,2022-01-24T01:45:00Z,2,2.861,5cebf1de3d0f4a073c4bb95f
200,2022-01-24T02:00:00Z,2,2.932,5cebf1de3d0f4a073c4bb95f
201,2022-01-24T02:15:00Z,2,3.007,5cebf1de3d0f4a073c4bb95f
202,2022-01-24T02:30:00Z,2,3.086,5cebf1de3d0f4a073c4bb95f
203,2022-01-24T02:45:00Z,2,3.165,5cebf1de3d0f4a073c4bb95f
204,2022-01-24T03:00:00Z,2,3.245,5cebf1de3d0f4a073c4bb95f
205,2022-01-24T03:15:00Z,2,3.322,5cebf1de3d0f4a073c4bb95f
206,2022-01-24T03:30:00Z,2,3.396,5cebf1de3d0f4a073c4bb95f
207,2022-01-24T03:45:00Z,2,3.465,5cebf1de3d0f4a073c4bb95f
208,2022-01-24T04:00:00Z,2,3.527,5cebf1de3d0f4a073c4bb95f
209,2022-01-24T04:15:00Z,2,3.581,5cebf1de3d0f4a073c4bb95f
210,2022-01-24T04:30:00Z,2,3.626,5cebf1de3d0f4a073c4bb95f
211,2022-01-24T04:45:00Z,2,3.66,5cebf1de3d0f4a073c4bb95f
212,2022-01-24T05:00:00Z,2,3.682,5cebf1de3d0f4a073c4bb95f
213,2022-01-24T05:15:00Z,2,3.693,5cebf1de3d0f4a073c4bb95f
214,2022-01-24T05:30:00Z,2,3.691,5cebf1de3d0f4a073c4bb95f
215,2022-01-24T05:45:00Z,2,3.676,5cebf1de3d0f4a073c4bb95f
216,2022-01-24T06:00:00Z,2,3.649,5cebf1de3d0f4a073c4bb95f
217,2022-01-24T06:15:00Z,2,3.611,5cebf1de3d0f4a073c4bb95f
218,2022-01-24T06:30:00Z,2,3.562,5cebf1de3d0f4a073c4bb95f
219,2022-01-24T06:45:00Z,2,3.503,5cebf1de3d0f4a073c4bb95f
220,2022-01-24T07:00:00Z,2,3.436,5cebf1de3d0f4a073c4bb95f
221,2022-01-24T07:15:00Z,2,3.361,5cebf1de3d0f4a073c4bb95f
222,2022-01-24T07:30:00Z,2,3.28,5cebf1de3d0f4a073c4bb95f
223,2022-01-24T07:45:00Z,2,3.195,5cebf1de3d0f4a073c4bb95f
224,2022-01-24T08:00:00Z,2,3.105,5cebf1de3d0f4a073c4bb95f
225,2022-01-24T08:15:00Z,2,3.014,5cebf1de3d0f4a073c4bb95f
226,2022-01-24T08:30:00Z,2,2.921,5cebf1de3d0f4a073c4bb95f
227,2022-01-24T08:45:00Z,2,2.829,5cebf1de3d0f4a073c4bb95f
228,2022-01-24T09:00:00Z,2,2.739,5cebf1de3d0f4a073c4bb95f
229,2022-01-24T09:15:00Z,2,2.652,5cebf1de3d0f4a073c4bb95f
230,2022-01-24T09:30:00Z,2,2.57,5cebf1de3d0f4a073c4bb95f
231,2022-01-24T09:45:00Z,2,2.495,5cebf1de3d0f4a073c4bb95f
232,2022-01-24T10:00:00Z,2,2.429,5cebf1de3d0f4a073c4bb95f
233,2022-01-24T10:15:00Z,2,2.373,5cebf1de3d0f4a073c4bb95f
234,2022-01-24T10:30:00Z,2,2.328,5cebf1de3d0f4a073c4bb95f
235,2022-01-24T10:45:00Z,2,2.297,5cebf1de3d0f4a073c4bb95f
236,2022-01-24T11:00:00Z,2,2.28,5cebf1de3d0f4a073c4bb95f
237,2022-01-24T11:15:00Z,2,2.279,5cebf1de3d0f4a073c4bb95f
238,2022-01-24T11:30:00Z,2,2.294,5cebf1de3d0f4a073c4bb95f
239,2022-01-24T11:45:00Z,2,2.326,5cebf1de3d0f4a073c4bb95f
240,2022-01-24T12:00:00Z,2,2.374,5cebf1de3d0f4a073c4bb95f
241,2022-01-24T12:15:00Z,2,2.439,5cebf1de3d0f4a073c4bb95f
242,2022-01-24T12:30:00Z,2,2.519,5cebf1de3d0f4a073c4bb95f
243,2022-01-24T12:45:00Z,2,2.615,5cebf1de3d0f4a073c4bb95f
244,2022-01-24T13:00:00Z,2,2.724,5cebf1de3d0f4a073c4bb95f
245,2022-01-24T13:15:00Z,2,2.845,5cebf1de3d0f4a073c4bb95f
246,2022-01-24T13:30:00Z,2,2.977,5cebf1de3d0f4a073c4bb95f
247,2022-01-24T13:45:00Z,2,3.119,5cebf1de3d0f4a073c4bb95f
248,2022-01-24T14:00:00Z,2,3.267,5cebf1de3d0f4a073c4bb95f
249,2022-01-24T14:15:00Z,2,3.42,5cebf1de3d0f4a073c4bb95f
250,2022-01-24T14:30:00Z,2,3.576,5cebf1de3d0f4a073c4bb95f
251,2022-01-24T14:45:00Z,2,3.733,5cebf1de3d0f4a073c4bb95f
252,2022-01-24T15:00:00Z,2,3.888,5cebf1de3d0f4a073c4bb95f
253,2022-01-24T15:15:00Z,2,4.04,5cebf1de3d0f4a073c4bb95f
254,2022-01-24T15:30:00Z,2,4.186,5cebf1de3d0f4a073c4bb95f
255,2022-01-24T15:45:00Z,2,4.324,5cebf1de3d0f4a073c4bb95f
256,2022-01-24T16:00:00Z,2,4.454,5cebf1de3d0f4a073c4bb95f
257,2022-01-24T16:15:00Z,2,4.572,5cebf1de3d0f4a073c4bb95f
258,2022-01-24T16:30:00Z,2,4.677,5cebf1de3d0f4a073c4bb95f
259,2022-01-24T16:45:00Z,2,4.767,5cebf1de3d0f4a073c4bb95f
260,2022-01-24T17:00:00Z,2,4.842,5cebf1de3d0f4a073c4bb95f
261,2022-01-24T17:15:00Z,2,4.9,5cebf1de3d0f4a073c4bb95f
262,2022-01-24T17:30:00Z,2,4.94,5cebf1de3d0f4a073c4bb95f
263,2022-01-24T17:45:00Z,2,4.961,5cebf1de3d0f4a073c4bb95f
264,2022-01-24T18:00:00Z,2,4.965,5cebf1de3d0f4a073c4bb95f
265,2022-01-24T18:15:00Z,2,4.949,5cebf1de3d0f4a073c4bb95f
266,2022-01-24T18:30:00Z,2,4.917,5cebf1de3d0f4a073c4bb95f
267,2022-01-24T18:45:00Z,2,4.867,5cebf1de3d0f4a073c4bb95f
268,2022-01-24T19:00:00Z,2,4.801,5cebf1de3d0f4a073c4bb95f
269,2022-01-24T19:15:00Z,2,4.72,5cebf1de3d0f4a073c4bb95f
270,2022-01-24T19:30:00Z,2,4.626,5cebf1de3d0f4a073c4bb95f
271,2022-01-24T19:45:00Z,2,4.52,5cebf1de3d0f4a073c4bb95f
272,2022-01-24T20:00:00Z,2,4.403,5cebf1de3d0f4a073c4bb95f
273,2022-01-24T20:15:00Z,2,4.277,5cebf1de3d0f4a073c4bb95f
274,2022-01-24T20:30:00Z,2,4.144,5cebf1de3d0f4a073c4bb95f
275,2022-01-24T20:45:00Z,2,4.004,5cebf1de3d0f4a073c4bb95f
276,2022-01-24T21:00:00Z,2,3.859,5cebf1de3d0f4a073c4bb95f
277,2022-01-24T21:15:00Z,2,3.712,5cebf1de3d0f4a073c4bb95f
278,2022-01-24T21:30:00Z,2,3.562,5cebf1de3d0f4a073c4bb95f
279,2022-01-24T21:45:00Z,2,3.413,5cebf1de3d0f4a073c4bb95f
280,2022-01-24T22:00:00Z,2,3.265,5cebf1de3d0f4a073c4bb95f
281,2022-01-24T22:15:00Z,2,3.121,5cebf1de3d0f4a073c4bb95f
282,2022-01-24T22:30:00Z,2,2.983,5cebf1de3d0f4a073c4bb95f
283,2022-01-24T22:45:00Z,2,2.852,5cebf1de3d0f4a073c4bb95f
284,2022-01-24T23:00:00Z,2,2.73,5cebf1de3d0f4a073c4bb95f
285,2022-01-24T23:15:00Z,2,2.619,5cebf1de3d0f4a073c4bb95f
286,2022-01-24T23:30:00Z,2,2.52,5cebf1de3d0f4a073c4bb95f
287,2022-01-24T23:45:00Z,2,2.435,5cebf1de3d0f4a073c4bb95f
288,2022-01-25T00:00:00Z,2,2.364,5cebf1de3d0f4a073c4bb95f
289,2022-01-25T00:15:00Z,2,2.308,5cebf1de3d0f4a073c4bb95f
290,2022-01-25T00:30:00Z,2,2.268,5cebf1de3d0f4a073c4bb95f
291,2022-01-25T00:45:00Z,2,2.243,5cebf1de3d0f4a073c4bb95f
292,2022-01-25T01:00:00Z,2,2.234,5cebf1de3d0f4a073c4bb95f
293,2022-01-25T01:15:00Z,2,2.24,5cebf1de3d0f4a073c4bb95f
294,2022-01-25T01:30:00Z,2,2.26,5cebf1de3d0f4a073c4bb95f
295,2022-01-25T01:45:00Z,2,2.295,5cebf1de3d0f4a073c4bb95f
296,2022-01-25T02:00:00Z,2,2.342,5cebf1de3d0f4a073c4bb95f
297,2022-01-25T02:15:00Z,2,2.401,5cebf1de3d0f4a073c4bb95f
298,2022-01-25T02:30:00Z,2,2.47,5cebf1de3d0f4a073c4bb95f
299,2022-01-25T02:45:00Z,2,2.547,5cebf1de3d0f4a073c4bb95f
300,2022-01-25T03:00:00Z,2,2.631,5cebf1de3d0f4a073c4bb95f
301,2022-01-25T03:15:00Z,2,2.721,5cebf1de3d0f4a073c4bb95f
302,2022-01-25T03:30:00Z,2,2.815,5cebf1de3d0f4a073c4bb95f
303,2022-01-25T03:45:00Z,2,2.911,5cebf1de3d0f4a073c4bb95f
304,2022-01-25T04:00:00Z,2,3.007,5cebf1de3d0f4a073c4bb95f
305,2022-01-25T04:15:00Z,2,3.102,5cebf1de3d0f4a073c4bb95f
306,2022-01-25T04:30:00Z,2,3.194,5cebf1de3d0f4a073c4bb95f
307,2022-01-25T04:45:00Z,2,3.281,5cebf1de3d0f4a073c4bb95f
308,2022-01-25T05:00:00Z,2,3.363,5cebf1de3d0f4a073c4bb95f
309,2022-01-25T05:15:00Z,2,3.437,5cebf1de3d0f4a073c4bb95f
310,2022-01-25T05:30:00Z,2,3.503,5cebf1de3d0f4a073c4bb95f
311,2022-01-25T05:45:00Z,2,3.559,5cebf1de3d0f4a073c4bb95f
312,2022-01-25T06:00:00Z,2,3.604,5cebf1de3d0f4a073c4bb95f
313,2022-01-25T06:15:00Z,2,3.638,5cebf1de3d0f4a073c4bb95f
314,2022-01-25T06:30:00Z,2,3.661,5cebf1de3d0f4a073c4bb95f
315,2022-01-25T06:45:00Z,2,3.672,5cebf1de3d0f4a073c4bb95f
316,2022-01-25T07:00:00Z,2,3.672,5cebf1de3d0f4a073c4bb95f
317,2022-01-25T07:15:00Z,2,3.661,5cebf1de3d0f4a073c4bb95f
318,2022-01-25T07:30:00Z,2,3.64,5cebf1de3d0f4a073c4bb95f
319,2022-01-25T07:45:00Z,2,3.61,5cebf1de3d0f4a073c4bb95f
320,2022-01-25T08:00:00Z,2,3.572,5cebf1de3d0f4a073c4bb95f
321,2022-01-25T08:15:00Z,2,3.527,5cebf1de3d0f4a073c4bb95f
322,2022-01-25T08:30:00Z,2,3.477,5cebf1de3d0f4a073c4bb95f
323,2022-01-25T08:45:00Z,2,3.421,5cebf1de3d0f4a073c4bb95f
324,2022-01-25T09:00:00Z,2,3.362,5cebf1de3d0f4a073c4bb95f
325,2022-01-25T09:15:00Z,2,3.301,5cebf1de3d0f4a073c4bb95f
326,2022-01-25T09:30:00Z,2,3.238,5cebf1de3d0f4a073c4bb95f
327,2022-01-25T09:45:00Z,2,3.174,5cebf1de3d0f4a073c4bb95f
328,2022-01-25T10:00:00Z,2,3.112,5cebf1de3d0f4a073c4bb95f
329,2022-01-25T10:15:00Z,2,3.052,5cebf1de3d0f4a073c4bb95f
330,2022-01-25T10:30:00Z,2,2.996,5cebf1de3d0f4a073c4bb95f
331,2022-01-25T10:45:00Z,2,2.945,5cebf1de3d0f4a073c4bb95f
332,2022-01-25T11:00:00Z,2,2.901,5cebf1de3d0f4a073c4bb95f
333,2022-01-25T11:15:00Z,2,2.865,5cebf1de3d0f4a073c4bb95f
334,2022-01-25T11:30:00Z,2,2.838,5cebf1de3d0f4a073c4bb95f
335,2022-01-25T11:45:00Z,2,2.822,5cebf1de3d0f4a073c4bb95f
336,2022-01-25T12:00:00Z,2,2.818,5cebf1de3d0f4a073c4bb95f
337,2022-01-25T12:15:00Z,2,2.826,5cebf1de3d0f4a073c4bb95f
338,2022-01-25T12:30:00Z,2,2.848,5cebf1de3d0f4a073c4bb95f
339,2022-01-25T12:45:00Z,2,2.882,5cebf1de3d0f4a073c4bb95f
340,2022-01-25T13:00:00Z,2,2.93,5cebf1de3d0f4a073c4bb95f
341,2022-01-25T13:15:00Z,2,2.991,5cebf1de3d0f4a073c4bb95f
342,2022-01-25T13:30:00Z,2,3.065,5cebf1de3d0f4a073c4bb95f
343,2022-01-25T13:45:00Z,2,3.15,5cebf1de3d0f4a073c4bb95f
344,2022-01-25T14:00:00Z,2,3.246,5cebf1de3d0f4a073c4bb95f
345,2022-01-25T14:15:00Z,2,3.351,5cebf1de3d0f4a073c4bb95f
346,2022-01-25T14:30:00Z,2,3.464,5cebf1de3d0f4a073c4bb95f
347,2022-01-25T14:45:00Z,2,3.583,5cebf1de3d0f4a073c4bb95f
348,2022-01-25T15:00:00Z,2,3.706,5cebf1de3d0f4a073c4bb95f
349,2022-01-25T15:15:00Z,2,3.832,5cebf1de3d0f4a073c4bb95f
350,2022-01-25T15:30:00Z,2,3.959,5cebf1de3d0f4a073c4bb95f
351,2022-01-25T15:45:00Z,2,4.084,5cebf1de3d0f4a073c4bb95f
352,2022-01-25T16:00:00Z,2,4.207,5cebf1de3d0f4a073c4bb95f
353,2022-01-25T16:15:00Z,2,4.324,5cebf1de3d0f4a073c4bb95f
354,2022-01-25T16:30:00Z,2,4.434,5cebf1de3d0f4a073c4bb95f
355,2022-01-25T16:45:00Z,2,4.536,5cebf1de3d0f4a073c4bb95f
356,2022-01-25T17:00:00Z,2,4.628,5cebf1de3d0f4a073c4bb95f
357,2022-01-25T17:15:00Z,2,4.707,5cebf1de3d0f4a073c4bb95f
358,2022-01-25T17:30:00Z,2,4.774,5cebf1de3d0f4a073c4bb95f
359,2022-01-25T17:45:00Z,2,4.826,5cebf1de3d0f4a073c4bb95f
360,2022-01-25T18:00:00Z,2,4.863,5cebf1de3d0f4a073c4bb95f
361,2022-01-25T18:15:00Z,2,4.883,5cebf1de3d0f4a073c4bb95f
362,2022-01-25T18:30:00Z,2,4.886,5cebf1de3d0f4a073c4bb95f
363,2022-01-25T18:45:00Z,2,4.872,5cebf1de3d0f4a073c4bb95f
364,2022-01-25T19:00:00Z,2,4.841,5cebf1de3d0f4a073c4bb95f
365,2022-01-25T19:15:00Z,2,4.793,5cebf1de3d0f4a073c4bb95f
366,2022-01-25T19:30:00Z,2,4.728,5cebf1de3d0f4a073c4bb95f
367,2022-01-25T19:45:00Z,2,4.649,5cebf1de3d0f4a073c4bb95f
368,2022-01-25T20:00:00Z,2,4.555,5cebf1de3d0f4a073c4bb95f
369,2022-01-25T20:15:00Z,2,4.449,5cebf1de3d0f4a073c4bb95f
370,2022-01-25T20:30:00Z,2,4.331,5cebf1de3d0f4a073c4bb95f
371,2022-01-25T20:45:00Z,2,4.203,5cebf1de3d0f4a073c4bb95f
372,2022-01-25T21:00:00Z,2,4.066,5cebf1de3d0f4a073c4bb95f
373,2022-01-25T21:15:00Z,2,3.923,5cebf1de3d0f4a073c4bb95f
374,2022-01-25T21:30:00Z,2,3.773,5cebf1de3d0f4a073c4bb95f
375,2022-01-25T21:45:00Z,2,3.619,5cebf1de3d0f4a073c4bb95f
376,2022-01-25T22:00:00Z,2,3.463,5cebf1de3d0f4a073c4bb95f
377,2022-01-25T22:15:00Z,2,3.305,5cebf1de3d0f4a073c4bb95f
378,2022-01-25T22:30:00Z,2,3.147,5cebf1de3d0f4a073c4bb95f
379,2022-01-25T22:45:00Z,2,2.99,5cebf1de3d0f4a073c4bb95f
380,2022-01-25T23:00:00Z,2,2.837,5cebf1de3d0f4a073c4bb95f
381,2022-01-25T23:15:00Z,2,2.689,5cebf1de3d0f4a073c4bb95f
382,2022-01-25T23:30:00Z,2,2.548,5cebf1de3d0f4a073c4bb95f
383,2022-01-25T23:45:00Z,2,2.416,5cebf1de3d0f4a073c4bb95f
384,2022-01-26T00:00:00Z,2,2.294,5cebf1de3d0f4a073c4bb95f
385,2022-01-26T00:15:00Z,2,2.183,5cebf1de3d0f4a073c4bb95f
386,2022-01-26T00:30:00Z,2,2.086,5cebf1de3d0f4a073c4bb95f
387,2022-01-26T00:45:00Z,2,2.003,5cebf1de3d0f4a073c4bb95f
388,2022-01-26T01:00:00Z,2,1.935,5cebf1de3d0f4a073c4bb95f
389,2022-01-26T01:15:00Z,2,1.883,5cebf1de3d0f4a073c4bb95f
390,2022-01-26T01:30:00Z,2,1.848,5cebf1de3d0f4a073c4bb95f
391,2022-01-26T01:45:00Z,2,1.829,5cebf1de3d0f4a073c4bb95f
392,2022-01-26T02:00:00Z,2,1.827,5cebf1de3d0f4a073c4bb95f
393,2022-01-26T02:15:00Z,2,1.842,5cebf1de3d0f4a073c4bb95f
394,2022-01-26T02:30:00Z,2,1.873,5cebf1de3d0f4a073c4bb95f
395,2022-01-26T02:45:00Z,2,1.918,5cebf1de3d0f4a073c4bb95f
396,2022-01-26T03:00:00Z,2,1.978,5cebf1de3d0f4a073c4bb95f
397,2022-01-26T03:15:00Z,2,2.051,5cebf1de3d0f4a073c4bb95f
398,2022-01-26T03:30:00Z,2,2.135,5cebf1de3d0f4a073c4bb95f
399,2022-01-26T03:45:00Z,2,2.229,5cebf1de3d0f4a073c4bb95f
400,2022-01-26T04:00:00Z,2,2.332,5cebf1de3d0f4a073c4bb95f
401,2022-01-26T04:15:00Z,2,2.442,5cebf1de3d0f4a073c4bb95f
402,2022-01-26T04:30:00Z,2,2.556,5cebf1de3d0f4a073c4bb95f
403,2022-01-26T04:45:00Z,2,2.675,5cebf1de3d0f4a073c4bb95f
404,2022-01-26T05:00:00Z,2,2.794,5cebf1de3d0f4a073c4bb95f
405,2022-01-26T05:15:00Z,2,2.914,5cebf1de3d0f4a073c4bb95f
406,2022-01-26T05:30:00Z,2,3.033,5cebf1de3d0f4a073c4bb95f
407,2022-01-26T05:45:00Z,2,3.147,5cebf1de3d0f4a073c4bb95f
408,2022-01-26T06:00:00Z,2,3.257,5cebf1de3d0f4a073c4bb95f
409,2022-01-26T06:15:00Z,2,3.361,5cebf1de3d0f4a073c4bb95f
410,2022-01-26T06:30:00Z,2,3.456,5cebf1de3d0f4a073c4bb95f
411,2022-01-26T06:45:00Z,2,3.542,5cebf1de3d0f4a073c4bb95f
412,2022-01-26T07:00:00Z,2,3.619,5cebf1de3d0f4a073c4bb95f
413,2022-01-26T07:15:00Z,2,3.684,5cebf1de3d0f4a073c4bb95f
414,2022-01-26T07:30:00Z,2,3.738,5cebf1de3d0f4a073c4bb95f
415,2022-01-26T07:45:00Z,2,3.781,5cebf1de3d0f4a073c4bb95f
416,2022-01-26T08:00:00Z,2,3.812,5cebf1de3d0f4a073c4bb95f
417,2022-01-26T08:15:00Z,2,3.833,5cebf1de3d0f4a073c4bb95f
418,2022-01-26T08:30:00Z,2,3.844,5cebf1de3d0f4a073c4bb95f
419,2022-01-26T08:45:00Z,2,3.845,5cebf1de3d0f4a073c4bb95f
420,2022-01-26T09:00:00Z,2,3.837,5cebf1de3d0f4a073c4bb95f
421,2022-01-26T09:15:00Z,2,3.822,5cebf1de3d0f4a073c4bb95f
422,2022-01-26T09:30:00Z,2,3.8,5cebf1de3d0f4a073c4bb95f
423,2022-01-26T09:45:00Z,2,3.772,5cebf1de3d0f4a073c4bb95f
424,2022-01-26T10:00:00Z,2,3.739,5cebf1de3d0f4a073c4bb95f
425,2022-01-26T10:15:00Z,2,3.702,5cebf1de3d0f4a073c4bb95f
426,2022-01-26T10:30:00Z,2,3.662,5cebf1de3d0f4a073c4bb95f
427,2022-01-26T10:45:00Z,2,3.619,5cebf1de3d0f4a073c4bb95f
428,2022-01-26T11:00:00Z,2,3.575,5cebf1de3d0f4a073c4bb95f
429,2022-01-26T11:15:00Z,2,3.532,5cebf1de3d0f4a073c4bb95f
430,2022-01-26T11:30:00Z,2,3.49,5cebf1de3d0f4a073c4bb95f
431,2022-01-26T11:45:00Z,2,3.45,5cebf1de3d0f4a073c4bb95f
432,2022-01-26T12:00:00Z,2,3.415,5cebf1de3d0f4a073c4bb95f
433,2022-01-26T12:15:00Z,2,3.385,5cebf1de3d0f4a073c4bb95f
434,2022-01-26T12:30:00Z,2,3.362,5cebf1de3d0f4a073c4bb95f
435,2022-01-26T12:45:00Z,2,3.346,5cebf1de3d0f4a073c4bb95f
436,2022-01-26T13:00:00Z,2,3.34,5cebf1de3d0f4a073c4bb95f
437,2022-01-26T13:15:00Z,2,3.343,5cebf1de3d0f4a073c4bb95f
438,2022-01-26T13:30:00Z,2,3.356,5cebf1de3d0f4a073c4bb95f
439,2022-01-26T13:45:00Z,2,3.379,5cebf1de3d0f4a073c4bb95f
440,2022-01-26T14:00:00Z,2,3.413,5cebf1de3d0f4a073c4bb95f
441,2022-01-26T14:15:00Z,2,3.458,5cebf1de3d0f4a073c4bb95f
442,2022-01-26T14:30:00Z,2,3.513,5cebf1de3d0f4a073c4bb95f
443,2022-01-26T14:45:00Z,2,3.578,5cebf1de3d0f4a073c4bb95f
444,2022-01-26T15:00:00Z,2,3.652,5cebf1de3d0f4a073c4bb95f
445,2022-01-26T15:15:00Z,2,3.733,5cebf1de3d0f4a073c4bb95f
446,2022-01-26T15:30:00Z,2,3.82,5cebf1de3d0f4a073c4bb95f
447,2022-01-26T15:45:00Z,2,3.912,5cebf1de3d0f4a073c4bb95f
448,2022-01-26T16:00:00Z,2,4.008,5cebf1de3d0f4a073c4bb95f
449,2022-01-26T16:15:00Z,2,4.105,5cebf1de3d0f4a073c4bb95f
450,2022-01-26T16:30:00Z,2,4.202,5cebf1de3d0f4a073c4bb95f
451,2022-01-26T16:45:00Z,2,4.296,5cebf1de3d0f4a073c4bb95f
452,2022-01-26T17:00:00Z,2,4.388,5cebf1de3d0f4a073c4bb95f
453,2022-01-26T17:15:00Z,2,4.473,5cebf1de3d0f4a073c4bb95f
454,2022-01-26T17:30:00Z,2,4.552,5cebf1de3d0f4a073c4bb95f
455,2022-01-26T17:45:00Z,2,4.623,5cebf1de3d0f4a073c4bb95f
456,2022-01-26T18:00:00Z,2,4.683,5cebf1de3d0f4a073c4bb95f
457,2022-01-26T18:15:00Z,2,4.733,5cebf1de3d0f4a073c4bb95f
458,2022-01-26T18:30:00Z,2,4.769,5cebf1de3d0f4a073c4bb95f
459,2022-01-26T18:45:00Z,2,4.792,5cebf1de3d0f4a073c4bb95f
460,2022-01-26T19:00:00Z,2,4.8,5cebf1de3d0f4a073c4bb95f
461,2022-01-26T19:15:00Z,2,4.792,5cebf1de3d0f4a073c4bb95f
462,2022-01-26T19:30:00Z,2,4.768,5cebf1de3d0f4a073c4bb95f
463,2022-01-26T19:45:00Z,2,4.729,5cebf1de3d0f4a073c4bb95f
464,2022-01-26T20:00:00Z,2,4.673,5cebf1de3d0f4a073c4bb95f
465,2022-01-26T20:15:00Z,2,4.602,5cebf1de3d0f4a073c4bb95f
466,2022-01-26T20:30:00Z,2,4.515,5cebf1de3d0f4a073c4bb95f
467,2022-01-26T20:45:00Z,2,4.416,5cebf1de3d0f4a073c4bb95f
468,2022-01-26T21:00:00Z,2,4.303,5cebf1de3d0f4a073c4bb95f
469,2022-01-26T21:15:00Z,2,4.179,5cebf1de3d0f4a073c4bb95f
470,2022-01-26T21:30:00Z,2,4.045,5cebf1de3d0f4a073c4bb95f
471,2022-01-26T21:45:00Z,2,3.902,5cebf1de3d0f4a073c4bb95f
472,2022-01-26T22:00:00Z,2,3.752,5cebf1de3d0f4a073c4bb95f
473,2022-01-26T22:15:00Z,2,3.596,5cebf1de3d0f4a073c4bb95f
474,2022-01-26T22:30:00Z,2,3.435,5cebf1de3d0f4a073c4bb95f
475,2022-01-26T22:45:00Z,2,3.271,5cebf1de3d0f4a073c4bb95f
476,2022-01-26T23:00:00Z,2,3.105,5cebf1de3d0f4a073c4bb95f
477,2022-01-26T23:15:00Z,2,2.938,5cebf1de3d0f4a073c4bb95f
478,2022-01-26T23:30:00Z,2,2.772,5cebf1de3d0f4a073c4bb95f
479,2022-01-26T23:45:00Z,2,2.609,5cebf1de3d0f4a073c4bb95f
480,2022-01-27T00:00:00Z,2,2.449,5cebf1de3d0f4a073c4bb95f
481,2022-01-27T00:15:00Z,2,2.295,5cebf1de3d0f4a073c4bb95f
482,2022-01-27T00:30:00Z,2,2.149,5cebf1de3d0f4a073c4bb95f
483,2022-01-27T00:45:00Z,2,2.012,5cebf1de3d0f4a073c4bb95f
484,2022-01-27T01:00:00Z,2,1.886,5cebf1de3d0f4a073c4bb95f
485,2022-01-27T01:15:00Z,2,1.772,5cebf1de3d0f4a073c4bb95f
486,2022-01-27T01:30:00Z,2,1.672,5cebf1de3d0f4a073c4bb95f
487,2022-01-27T01:45:00Z,2,1.588,5cebf1de3d0f4a073c4bb95f
488,2022-01-27T02:00:00Z,2,1.52,5cebf1de3d0f4a073c4bb95f
489,2022-01-27T02:15:00Z,2,1.469,5cebf1de3d0f4a073c4bb95f
490,2022-01-27T02:30:00Z,2,1.437,5cebf1de3d0f4a073c4bb95f
491,2022-01-27T02:45:00Z,2,1.423,5cebf1de3d0f4a073c4bb95f
492,2022-01-27T03:00:00Z,2,1.427,5cebf1de3d0f4a073c4bb95f
493,2022-01-27T03:15:00Z,2,1.45,5cebf1de3d0f4a073c4bb95f
494,2022-01-27T03:30:00Z,2,1.491,5cebf1de3d0f4a073c4bb95f
495,2022-01-27T03:45:00Z,2,1.549,5cebf1de3d0f4a073c4bb95f
496,2022-01-27T04:00:00Z,2,1.624,5cebf1de3d0f4a073c4bb95f
497,2022-01-27T04:15:00Z,2,1.714,5cebf1de3d0f4a073c4bb95f
498,2022-01-27T04:30:00Z,2,1.817,5cebf1de3d0f4a073c4bb95f
499,2022-01-27T04:45:00Z,2,1.932,5cebf1de3d0f4a073c4bb95f
500,2022-01-27T05:00:00Z,2,2.058,5cebf1de3d0f4a073c4bb95f
501,2022-01-27T05:15:00Z,2,2.193,5cebf1de3d0f4a073c4bb95f
502,2022-01-27T05:30:00Z,2,2.334,5cebf1de3d0f4a073c4bb95f
503,2022-01-27T05:45:00Z,2,2.481,5cebf1de3d0f4a073c4bb95f
504,2022-01-27T06:00:00Z,2,2.631,5cebf1de3d0f4a073c4bb95f
505,2022-01-27T06:15:00Z,2,2.782,5cebf1de3d0f4a073c4bb95f
506,2022-01-27T06:30:00Z,2,2.932,5cebf1de3d0f4a073c4bb95f
507,2022-01-27T06:45:00Z,2,3.08,5cebf1de3d0f4a073c4bb95f
508,2022-01-27T07:00:00Z,2,3.224,5cebf1de3d0f4a073c4bb95f
509,2022-01-27T07:15:00Z,2,3.361,5cebf1de3d0f4a073c4bb95f
510,2022-01-27T07:30:00Z,2,3.491,5cebf1de3d0f4a073c4bb95f
511,2022-01-27T07:45:00Z,2,3.612,5cebf1de3d0f4a073c4bb95f
512,2022-01-27T08:00:00Z,2,3.722,5cebf1de3d0f4a073c4bb95f
513,2022-01-27T08:15:00Z,2,3.821,5cebf1de3d0f4a073c4bb95f
514,2022-01-27T08:30:00Z,2,3.908,5cebf1de3d0f4a073c4bb95f
515,2022-01-27T08:45:00Z,2,3.982,5cebf1de3d0f4a073c4bb95f
516,2022-01-27T09:00:00Z,2,4.045,5cebf1de3d0f4a073c4bb95f
517,2022-01-27T09:15:00Z,2,4.096,5cebf1de3d0f4a073c4bb95f
518,2022-01-27T09:30:00Z,2,4.135,5cebf1de3d0f4a073c4bb95f
519,2022-01-27T09:45:00Z,2,4.163,5cebf1de3d0f4a073c4bb95f
520,2022-01-27T10:00:00Z,2,4.181,5cebf1de3d0f4a073c4bb95f
521,2022-01-27T10:15:00Z,2,4.189,5cebf1de3d0f4a073c4bb95f
522,2022-01-27T10:30:00Z,2,4.188,5cebf1de3d0f4a073c4bb95f
523,2022-01-27T10:45:00Z,2,4.179,5cebf1de3d0f4a073c4bb95f
524,2022-01-27T11:00:00Z,2,4.163,5cebf1de3d0f4a073c4bb95f
525,2022-01-27T11:15:00Z,2,4.14,5cebf1de3d0f4a073c4bb95f
526,2022-01-27T11:30:00Z,2,4.112,5cebf1de3d0f4a073c4bb95f
527,2022-01-27T11:45:00Z,2,4.078,5cebf1de3d0f4a073c4bb95f
528,2022-01-27T12:00:00Z,2,4.041,5cebf1de3d0f4a073c4bb95f
529,2022-01-27T12:15:00Z,2,4.002,5cebf1de3d0f4a073c4bb95f
530,2022-01-27T12:30:00Z,2,3.961,5cebf1de3d0f4a073c4bb95f
531,2022-01-27T12:45:00Z,2,3.92,5cebf1de3d0f4a073c4bb95f
532,2022-01-27T13:00:00Z,2,3.88,5cebf1de3d0f4a073c4bb95f
533,2022-01-27T13:15:00Z,2,3.843,5cebf1de3d0f4a073c4bb95f
534,2022-01-27T13:30:00Z,2,3.811,5cebf1de3d0f4a073c4bb95f
535,2022-01-27T13:45:00Z,2,3.784,5cebf1de3d0f4a073c4bb95f
536,2022-01-27T14:00:00Z,2,3.763,5cebf1de3d0f4a073c4bb95f
537,2022-01-27T14:15:00Z,2,3.75,5cebf1de3d0f4a073c4bb95f
538,2022-01-27T14:30:00Z,2,3.745,5cebf1de3d0f4a073c4bb95f
539,2022-01-27T14:45:00Z,2,3.75,5cebf1de3d0f4a073c4bb95f
540,2022-01-27T15:00:00Z,2,3.764,5cebf1de3d0f4a073c4bb95f
541,2022-01-27T15:15:00Z,2,3.787,5cebf1de3d0f4a073c4bb95f
542,2022-01-27T15:30:00Z,2,3.82,5cebf1de3d0f4a073c4bb95f
543,2022-01-27T15:45:00Z,2,3.862,5cebf1de3d0f4a073c4bb95f
544,2022-01-27T16:00:00Z,2,3.912,5cebf1de3d0f4a073c4bb95f
545,2022-01-27T16:15:00Z,2,3.969,5cebf1de3d0f4a073c4bb95f
546,2022-01-27T16:30:00Z,2,4.033,5cebf1de3d0f4a073c4bb95f
547,2022-01-27T16:45:00Z,2,4.101,5cebf1de3d0f4a073c4bb95f
548,2022-01-27T17:00:00Z,2,4.172,5cebf1de3d0f4a073c4bb95f
549,2022-01-27T17:15:00Z,2,4.246,5cebf1de3d0f4a073c4bb95f
550,2022-01-27T17:30:00Z,2,4.319,5cebf1de3d0f4a073c4bb95f
551,2022-01-27T17:45:00Z,2,4.39,5cebf1de3d0f4a073c4bb95f
552,2022-01-27T18:00:00Z,2,4.459,5cebf1de3d0f4a073c4bb95f
553,2022-01-27T18:15:00Z,2,4.522,5cebf1de3d0f4a073c4bb95f
554,2022-01-27T18:30:00Z,2,4.58,5cebf1de3d0f4a073c4bb95f
555,2022-01-27T18:45:00Z,2,4.629,5cebf1de3d0f4a073c4bb95f
556,2022-01-27T19:00:00Z,2,4.669,5cebf1de3d0f4a073c4bb95f
557,2022-01-27T19:15:00Z,2,4.699,5cebf1de3d0f4a073c4bb95f
558,2022-01-27T19:30:00Z,2,4.717,5cebf1de3d0f4a073c4bb95f
559,2022-01-27T19:45:00Z,2,4.721,5cebf1de3d0f4a073c4bb95f
560,2022-01-27T20:00:00Z,2,4.712,5cebf1de3d0f4a073c4bb95f
561,2022-01-27T20:15:00Z,2,4.687,5cebf1de3d0f4a073c4bb95f
562,2022-01-27T20:30:00Z,2,4.648,5cebf1de3d0f4a073c4bb95f
563,2022-01-27T20:45:00Z,2,4.593,5cebf1de3d0f4a073c4bb95f
564,2022-01-27T21:00:00Z,2,4.523,5cebf1de3d0f4a073c4bb95f
565,2022-01-27T21:15:00Z,2,4.438,5cebf1de3d0f4a073c4bb95f
566,2022-01-27T21:30:00Z,2,4.338,5cebf1de3d0f4a073c4bb95f
567,2022-01-27T21:45:00Z,2,4.226,5cebf1de3d0f4a073c4bb95f
568,2022-01-27T22:00:00Z,2,4.102,5cebf1de3d0f4a073c4bb95f
569,2022-01-27T22:15:00Z,2,3.966,5cebf1de3d0f4a073c4bb95f
570,2022-01-27T22:30:00Z,2,3.821,5cebf1de3d0f4a073c4bb95f
571,2022-01-27T22:45:00Z,2,3.668,5cebf1de3d0f4a073c4bb95f
572,2022-01-27T23:00:00Z,2,3.507,5cebf1de3d0f4a073c4bb95f
573,2022-01-27T23:15:00Z,2,3.341,5cebf1de3d0f4a073c4bb95f
574,2022-01-27T23:30:00Z,2,3.169,5cebf1de3d0f4a073c4bb95f
575,2022-01-27T23:45:00Z,2,2.995,5cebf1de3d0f4a073c4bb95f
576,2022-01-28T00:00:00Z,2,2.818,5cebf1de3d0f4a073c4bb95f
577,2022-01-28T00:15:00Z,2,2.641,5cebf1de3d0f4a073c4bb95f
578,2022-01-28T00:30:00Z,2,2.464,5cebf1de3d0f4a073c4bb95f
